词牌名,作者,韵脚
竹枝,皇甫松,"[7,14]"
归字谣,归,"[7,15]"
渔父引,顾况,"[6,12,18]"
闲中好,段成式,"[8,18]"
纥那曲,刘禹锡,"[5,10,20]"
拜新月,李端,"[10,20]"
梧桐影,吕岩,"[6,20]"
啰唝曲,刘采春,"[10,20]"
醉妆词,王衍,"[3,11,22]"
庆宣和,张可久,"[7,11,18,27]"
南歌子,温庭筠,"[10,15,23]"
荷叶杯,温庭筠,"[6,8,11,18,20,23]"
回波乐,李景伯,"[6,12,24]"
舞马词,张说,"[6,12,24]"
三台,王建,"[12,24]"
柘枝引,无名氏,"[7,12,24]"
塞姑,无名氏,"[6,12,24]"
晴偏好,李霜崖,"[7,14,17,24]"
凭阑人,邵亨贞,"[7,14,19,24]"
花非花,白居易,"[6,12,26]"
摘得新,皇甫松,"[3,8,16,26]"
梧叶儿,吴西逸,"[6,11,17,20]"
渔歌子,张志和,"[7,14,20,27]"
忆江南,白居易,"[8,22,27]"
潇湘神,刘禹锡,"[3,13,27]"
章台柳,韩翃,"[3,13,27]"
解红,和凝,"[6,13,27]"
赤枣子,欧阳炯,"[6,13,27]"
南乡子,欧阳炯,"[4,11,18,20,27]"
捣练子,冯延巳,"[6,13,27]"
春晓曲,朱敦儒,"[7,13,27]"
桂殿秋,向子諲,"[6,13,27]"
寿阳曲,张可久,[6]
阳关曲,王维,"[7,14,28]"
欸乃曲,元结,"[7,14,28]"
采莲子,皇甫松,"[7,14,28]"
浪淘沙,皇甫松,"[7,14,28]"
杨柳枝,温庭筠,"[7,14,28]"
八拍蛮,孙光宪,"[7,14,28]"
字字双,王丽贞,"[7,14,21,28]"
十样花,李弥逊,"[6,12,23,28]"
天净沙,乔吉,"[6,12,18,33]"
甘州曲,王衍,"[3,9,16,21,29]"
醉吟商,姜夔,"[10,14,19,25,29]"
干荷叶,刘秉忠,"[6,19,22,29]"
喜春来,张雨,"[14,21,24,29]"
踏歌词,崔液,"[10,20,25,30]"
秋风清,李白,"[3,6,16,30]"
抛球乐,刘禹锡,"[5,10,20,30]"
法驾道引,陈与义,"[11,25,30]"
蕃女怨,温庭筠,"[7,11,17,21,28,31]"
一叶落,后唐庄宗,"[3,6,13,23,31]"
忆王孙,秦观,"[7,14,21,24,31]"
金字经,水冷溪鱼贵,"[10,17,22,35]"
古调笑,蝴蝶,"[2,4,10,16,22,24,26,32]"
遐方怨,温庭筠,"[6,17,24,32]"
后庭花破子,王恽,"[5,10,20,23,32]"
如梦令,后唐庄宗,"[6,12,23,25,27,36]"
诉衷情,莺语,"[2,4,7,10,13,15,18,23,25,30,33]"
西溪子,牛峤,"[6,12,18,21,27,30,33]"
天仙子,皇甫松,"[7,14,24,27,34]"
风流子,孙光宪,"[6,12,24,26,28,34]"
归自谣,春艳艳,"[3,10,17,24,27,34]"
饮马歌,曹勋,"[5,10,15,20,31,34]"
定西番,温庭筠,"[6,12,15,21,26,32,35]"
江城子,韦庄,"[7,10,13,22,35]"
望江怨,牛峤,"[3,10,15,22,25,35]"
长相思,白居易,"[3,16,21,24,37,42]"
思帝乡,温庭筠,"[2,7,16,27,36]"
相见欢,薛昭蕴,"[6,9,18,21,24,27,36]"
河满子,和凝,"[12,24,36]"
风光好,欧良,"[3,6,13,16,23,26,33,36]"
误桃源,无名氏,"[10,15,18,28,36]"
望梅花,和凝,"[6,12,19,25,32,38]"
醉太平,刘过,"[4,8,14,19,23,27,33,38]"
上行杯,孙光宪,"[13,20,24,30,32,34,38]"
感恩多,牛峤,"[5,10,15,18,27,39]"
长命女,冯延巳,"[3,10,15,27,34,39]"
春光好,和凝,"[6,9,18,30,40]"
酒泉子,温庭筠,"[4,10,16,19,26,31,37,40]"
怨回纥,皇甫松,"[10,20,30,40]"
生查子,韩翃,"[10,20,30,40]"
蝴蝶儿,张泌,"[3,6,13,18,28,35,40]"
添声杨柳枝,顾夐,"[7,10,17,20,45,48]"
醉公子,顾夐,"[5,10,15,20,25,30,35,40]"
昭君怨,万俟咏,"[6,12,17,20,26,32,37,40]"
玉蝴蝶,温庭筠,"[6,11,16,21,31,36,41]"
女冠子,温庭筠,"[4,10,13,23,33,41]"
中兴乐,毛文锡,"[7,13,16,18,21,28,31,35,37,41]"
纱窗恨,毛文锡,"[7,10,17,20,34,41]"
醉花间,毛文锡,"[3,14,24,29,34,44]"
点绛唇,冯延巳,"[11,15,20,29,32,36,41]"
平湖乐,王恽,"[7,32,57]"
归国遥,温庭筠,"[2,9,15,20,26,31,37,42]"
恋情深,毛文锡,"[7,11,18,21,28,33,42]"
赞浦子,毛文锡,"[10,20,32,42]"
浣溪沙,韩翃,"[7,14,21,35,42]"
醉垂鞭,张先,"[5,8,11,16,21,26,29,32,37,42]"
雪花飞,黄庭坚,"[12,22,32,42]"
沙塞子,朱敦儒,"[12,21,33,42]"
殿前欢,张可久,"[3,10,26,31,57]"
水仙子,张可久,"[7,14,31,37,48,52]"
霜天晓角,林逋,"[4,9,21,23,26,31,43]"
清商怨,晏殊,"[7,12,21,27,34,43]"
伤春怨,王安石,"[5,11,22,27,32,43]"
菩萨蛮,平林漠漠烟如织,"[7,14,19,24,29,34,39,44]"
采桑子,和凝,"[11,15,22,33,37,44]"
后庭花,毛熙震,"[7,11,18,22,29,33,40,44]"
诉衷情令,晏殊,"[7,12,23,29,32,44]"
减字木兰花,欧阳修,"[4,11,15,22,26,33,37,44]"
卜算子,苏轼,"[10,22,32,44]"
一落索,无名氏,"[6,10,22,28,32,44]"
好时光,唐明皇,"[12,24,35,45]"
谒金门,韦庄,"[3,9,16,21,27,33,40,45]"
柳含烟,毛文锡,"[6,19,22,29,35,42,45]"
杏园春,尹鹗,"[6,12,19,22,35,42,45]"
好事近,宋祁,"[11,22,34,45]"
华清引,苏轼,"[7,11,22,29,35,45]"
天门谣,贺铸,"[5,12,15,20,28,35,38,45]"
忆闷令,取次临鸾匀画浅,"[7,12,23,28,33,45]"
散余霞,毛滂,"[7,12,23,29,34,45]"
好女儿,黄庭坚,"[5,10,21,26,33,45]"
万里春,周邦彦,"[4,9,21,26,33,45]"
彩鸾归令,张元幹,"[4,11,18,21,35,42,45]"
锦园春,醉痕潮玉,"[4,13,22,26,33,45]"
太平年,无名氏,"[7,12,19,24,31,36,41,45]"
清平乐,李白,"[4,9,16,22,28,34,46]"
忆秦娥,李白,"[3,10,24,31,38,52]"
更漏子,温庭筠,"[6,12,18,23,26,29,35,41,46]"
巫山一段云,唐昭宗,"[10,17,22,28,34,41,46]"
望仙门,晏殊,"[7,10,17,20,31,38,49]"
占春芳,苏轼,"[11,23,28,35,46]"
朝天子,晁补之,"[5,12,16,21,29,36,39,46]"
忆少年,晁补之,"[12,22,29,36,46]"
西地锦,蔡伸,"[6,11,23,29,34,46]"
相思引,袁去华,"[7,14,23,37,46]"
落梅风,无名氏,"[7,13,20,23,36,43,46]"
江亭怨,无名氏,"[6,12,23,29,35,46]"
喜迁莺,韦庄,"[6,11,18,23,29,35,42,47]"
乌夜啼,南唐李煜,"[11,23,35,47]"
相思儿令,晏殊,"[11,22,28,35,47]"
阮郎归,南唐李煜,"[7,12,19,24,30,35,42,47]"
贺圣朝,冯延巳,"[7,11,23,35,47]"
甘草子,寇准,"[2,11,16,21,28,35,42,47]"
珠帘卷,欧阳修,"[6,12,23,35,47]"
画堂春,秦观,"[7,13,20,24,36,43,47]"
喜长新,王胜之,"[7,11,18,24,34,41,47]"
金盏子,无名氏,"[11,24,36,47]"
献天寿,无名氏,"[7,11,18,23,34,41,47]"
三字令,欧阳炯,"[6,9,15,24,30,33,39,48]"
山花子,南唐李璟,"[7,14,24,38,48]"
忆余杭,潘阆,"[18,23,30,36,43,48]"
秋蕊香,晏殊,"[6,12,19,25,32,35,42,48]"
胡捣练,晏殊,"[13,19,24,37,43,48]"
桃源忆故人,欧阳修,"[7,13,19,24,31,37,43,48]"
撼庭秋,晏殊,"[6,11,23,35,48]"
庆金枝,无名氏,"[5,11,23,36,43,48]"
烛影摇红,毛滂,"[11,23,29,36,48]"
朝中措,欧阳修,"[7,12,24,36,48]"
洞天春,欧阳修,"[6,12,19,24,30,36,48]"
庆春时,晏几道,"[12,25,35,48]"
眼儿媚,左誉,"[7,12,24,36,48]"
人月圆,王诜,"[12,24,36,48]"
喜团圆,晏几道,"[12,24,36,48]"
海棠春,秦观,"[7,14,24,31,38,48]"
武陵春,毛滂,"[12,19,24,36,43,48]"
东坡引,曹冠,"[5,10,17,22,30,36,43,48]"
东坡引,赵师侠,"[5,10,17,22,35,41,48,53]"
双鸂鶒,朱敦儒,"[6,12,18,24,30,36,42,48]"
鬲溪梅令,姜夔,"[7,10,19,24,31,34,43,48]"
伊州三台,赵师侠,"[6,12,17,24,30,36,41,48]"
双头莲令,赵师侠,"[7,12,19,24,31,36,43,48]"
梅弄影,丘崈,"[4,9,15,24,28,33,39,48]"
茅山逢故人,张雨,"[6,12,24,36,48]"
阳台梦,唐庄宗,"[7,14,26,37,49]"
月宫春,毛文锡,"[7,12,19,24,38,49]"
河渎神,温庭筠,"[5,11,18,24,31,37,43,49]"
归去来,柳永,"[6,11,18,24,29,36,43,49]"
惜春郎,柳永,"[7,12,24,31,36,49]"
极相思,无名氏,"[6,11,23,37,49]"
双韵子,张先,"[12,24,27,30,37,49]"
凤孤飞,晏几道,"[11,17,23,30,37,44,49]"
柳梢青,秦观,"[4,12,24,30,37,49]"
醉乡春,秦观,"[6,12,24,30,36,49]"
太常引,辛弃疾,"[7,12,17,24,37,42,49]"
应天长,韦庄,"[7,14,20,27,33,39,45,50]"
满宫花,尹鹗,"[6,12,25,31,37,50]"
少年游,晏殊,"[7,12,25,37,50]"
偷声木兰花,冯延巳,"[7,14,18,25,32,39,43,50]"
滴滴金,李遵勖,"[7,13,25,32,38,50]"
忆汉月,欧阳修,"[6,12,25,37,50]"
西江月,柳永,"[12,19,42,49]"
惜春令,杜安世,"[7,14,26,31,38,50]"
留春令,晏几道,"[12,25,32,37,50]"
梁州令,晏几道,"[5,11,25,32,37,50]"
盐角儿,晁补之,"[4,13,25,31,38,51]"
归田乐,晁补之,"[10,19,27,38,50]"
惜分飞,毛滂,"[7,13,18,25,32,38,43,50]"
孤馆深沉,权无染,"[7,12,25,37,50]"
促拍采桑子,朱敦儒,"[5,12,24,38,50]"
怨三三,李之仪,"[7,11,18,24,30,37,42,50]"
使牛子,曹冠,"[7,13,25,32,38,50]"
折丹桂,王之道,"[7,12,25,32,37,50]"
竹香子,刘过,"[6,12,24,30,37,50]"
城头月,马天骥,"[7,12,25,32,37,50]"
四犯令,侯寘,"[7,12,19,25,32,37,44,50]"
醉高歌,姚燧,"[17,24,30,47,54,60]"
黄鹤洞仙,马钰,"[10,20,25,35,45,50]"
破字令,无名氏,"[5,12,24,31,38,50]"
花前饮,无名氏,"[7,14,25,32,39,50]"
导引,无名氏,"[9,14,26,33,38,50]"
思越人,孙光宪,"[12,25,32,38,45,51]"
探春令,宋徽宗,"[12,19,25,32,37,51]"
越江吟,苏易简,"[7,9,15,18,22,25,32,35,41,48,51]"
燕归梁,晏殊,"[7,12,19,25,38,45,51]"
雨中花令,晏殊,"[6,12,24,31,38,51]"
凤来朝,周邦彦,"[5,12,20,26,32,39,45,51]"
秋夜雨,蒋捷,"[7,13,25,39,44,51]"
伊州令,无名氏,"[7,12,26,32,37,51]"
木笪,白朴,"[5,10,17,26,30,35,42,51]"
迎春乐,柳永,"[7,13,21,27,34,41,52]"
梦仙郎,张先,"[4,8,15,20,25,31,35,42,47,52]"
青门引,张先,"[5,11,27,34,39,52]"
菊花新,张先,"[7,14,26,33,40,52]"
醉红妆,张先,"[7,13,20,26,33,39,52]"
思远人,晏几道,"[12,26,33,38,52]"
醉花阴,毛滂,"[7,12,26,33,38,52]"
望江东,黄庭坚,"[7,13,20,26,33,39,46,52]"
入塞,好思量,"[3,9,19,22,35,42,49,52]"
品令,曹组,"[3,12,26,38,52]"
引驾行,晁补之,"[11,23,25,37,50,52]"
玉团儿,周邦彦,"[7,14,26,33,40,52]"
倾杯令,吕渭老,"[14,20,26,33,40,52]"
锯解令,杨无咎,"[14,28,32,38,52]"
双雁儿,杨无咎,"[7,13,20,26,33,39,46,52]"
寻芳草,辛弃疾,"[5,12,20,26,38,46,52]"
恨来迟,王灼,"[12,25,33,39,52]"
珍珠令,张炎,"[7,10,17,27,34,41,53]"
寿延长破字令,无名氏,"[7,12,19,26,33,38,45,52]"
献天寿令,无名氏,"[12,19,25,39,46,52]"
折花令,无名氏,"[11,17,26,37,43,52]"
红窗听,晏殊,"[7,14,26,33,44,53]"
上林春令,毛滂,"[6,13,26,33,40,53]"
红窗迥,周邦彦,"[6,15,21,26,42,48,53]"
红罗袄,周邦彦,"[10,27,34,40,45,53]"
折桂令,倪瓒,"[7,15,27,42,46,54]"
荔子丹,无名氏,"[7,12,27,34,39,53]"
临江仙,和凝,"[13,20,27,40,47,54]"
浪淘沙令,南唐李煜,"[5,9,16,27,32,36,43,54]"
金错刀,冯延巳,"[6,13,27,33,40,54]"
端正好,杜安世,"[7,14,21,27,34,41,48,54]"
杏花天,朱敦儒,"[7,14,21,27,34,41,48,54]"
天下乐,杨无咎,"[7,13,20,27,35,41,48,54]"
恋绣衾,朱敦儒,"[7,14,27,41,54]"
撷芳词,无名氏,"[3,6,13,16,19,27,30,33,40,43,46,54]"
鬓边华,无名氏,"[6,13,27,40,54]"
玉楼人,无名氏,"[7,14,27,34,41,54]"
江月晃重山,陆游,"[12,19,27,39,46,54]"
南乡一剪梅,虞集,"[5,12,23,33,40,51]"
一七令,白居易,"[4,10,18,28,40,54]"
河传,温庭筠,"[2,4,7,13,20,22,27,34,37,42,45,48,50,55]"
望远行,南唐李璟,"[7,14,21,28,34,41,48,55]"
木兰花令,韦庄,"[7,14,27,34,41,55]"
金莲绕凤楼,宋徽宗,"[7,14,21,28,34,41,48,55]"
睿恩新,晏殊,"[7,14,28,34,41,55]"
芳草渡,欧阳修,"[6,12,19,28,31,34,40,46,49,52,55]"
夜行船,欧阳修,"[6,13,27,34,41,55]"
金凤钩,晁补之,"[6,13,27,34,41,49,55]"
鹧鸪天,晏几道,"[7,14,28,34,41,55]"
鼓笛令,黄庭坚,"[7,14,21,28,34,41,48,55]"
徵召调中腔,王安中,"[7,14,27,34,41,55]"
虞美人,南唐李煜,"[7,12,19,28,35,40,47,56]"
瑞鹧鸪,冯延巳,"[7,14,28,42,56]"
玉楼春,顾夐,"[7,14,28,35,42,56]"
凤衔杯,晏殊,"[7,14,23,29,35,42,51,56]"
鹊桥仙,欧阳修,"[14,28,42,56]"
玉阑干,杜安世,"[7,14,28,35,42,56]"
思归乐,柳永,"[7,14,21,28,35,42,49,56]"
遍地锦,毛滂,"[7,14,28,42,56]"
翻香令,苏轼,"[7,14,28,35,42,56]"
茶瓶儿,李元膺,"[7,14,19,28,35,42,47,51,56]"
柳摇金,沈会宗,"[7,14,21,28,42,49,56]"
卓牌子,杨无咎,"[5,12,28,33,40,56]"
清江曲,苏庠,"[7,14,28,35,42,56]"
楼上曲,张元幹,"[7,14,21,28,35,42,49,56]"
厅前柳,赵师侠,"[3,12,21,24,35,47,53]"
二色宫桃,无名氏,"[7,14,28,35,42,56]"
市桥柳,蜀妓,"[7,13,27,34,43,56]"
一斛珠,南唐李煜,"[4,11,18,27,34,41,48,57]"
夜游宫,毛滂,"[6,13,20,29,34,41,48,57]"
梅花引,贺铸,"[3,6,13,16,19,28,35,42,45,60]"
荷叶铺水面,康与之,"[9,16,28,33,44,49,57]"
家山好,无名氏,"[7,13,23,29,41,52,57]"
步虚子令,碧云笼晓海波闲,"[7,12,22,28,41,51,57]"
小重山,薛昭蕴,"[7,15,22,30,35,43,50,58]"
踏莎行,晏殊,"[8,15,29,37,44,58]"
宜男草,范成大,"[7,14,29,36,43,58]"
花上月令,吴文英,"[7,13,23,29,42,52,58]"
倚西楼,韦彦温,"[7,14,28,42,58]"
扫地舞,无名氏,"[3,16,19,22,29,32,35,48,51,54,61,64]"
接贤宾,毛文锡,"[7,12,22,35,48,59]"
步蟾宫,黄庭坚,"[7,14,29,36,43,59]"
恨春迟,张先,"[14,29,43,59]"
冉冉云,卢炳,"[7,14,23,30,37,44,53,59]"
蝶恋花,冯延巳,"[7,16,23,30,37,46,53,60]"
寿山曲,冯延巳,"[12,24,36,48,60]"
秋蕊香引,柳永,"[3,17,29,38,41,50,60]"
惜琼花,张先,"[3,6,15,22,30,36,41,45,52,60]"
朝玉阶,杜安世,"[7,15,22,30,37,45,52,60]"
散天花,舒亶,"[7,15,22,30,37,45,52,60]"
荷华媚,苏轼,"[5,14,28,45,60]"
少年心,黄庭坚,"[6,13,23,36,43,52]"
七娘子,毛滂,"[7,15,23,30,37,45,53,60]"
一剪梅,周邦彦,"[7,15,30,37,45,60]"
寻梅,沈会宗,"[7,14,21,30,37,44,51,60]"
锦帐春,辛弃疾,"[8,15,26,30,38,45,51,56,60]"
唐多令,刘过,"[5,10,17,30,35,40,47,60]"
摊破采桑子,赵长卿,"[11,15,22,28,39,43,50]"
后庭宴,无名氏,"[8,15,29,41,45,50,60]"
鞓红,无名氏,"[8,15,23,30,38,45,53,60]"
贺熙朝,欧阳炯,"[7,11,15,27,31,38,48,53,61]"
拨棹子,尹鹗,"[3,6,13,20,30,37,44,51,61]"
玉堂春,晏殊,"[4,10,18,34,45,61]"
系裙腰,张先,"[7,13,24,30,43,54,61]"
赞成功,毛文锡,"[8,15,23,31,39,46,54,62]"
定风波,欧阳炯,"[7,14,21,23,30,37,39,46,53,55,62]"
破阵子,晏殊,"[12,26,31,43,57,62]"
金蕉叶,柳永,"[7,14,25,31,38,45,56,62]"
渔家傲,晏殊,"[7,14,21,24,31,38,45,52,55,62]"
苏幕遮,范仲淹,"[6,15,22,31,37,46,53,62]"
摊破南乡子,程垓,"[5,12,31,36,43,62]"
明月逐人来,李持正,"[4,8,15,24,30,40,47,56,62]"
甘州遍,毛文锡,"[8,11,26,32,43,51,54,63]"
别怨,赵长卿,"[4,11,23,30,42,52,63]"
麦秀两岐,和凝,"[5,10,16,21,28,32,37,42,48,53,60,64]"
献衷心,欧阳炯,"[9,15,24,33,39,46,55,64]"
黄钟乐,魏承班,"[7,18,32,39,50,64]"
醉春风,赵德仁,"[5,10,20,32,37,42,52,64]"
握金钗,吕渭老,"[10,16,23,32,42,48,55,64]"
侍香金童,无名氏,"[9,16,23,31,41,49,56,64]"
缑山月,梁寅,"[5,10,17,31,43,50,64]"
喝火令,黄庭坚,"[10,17,28,38,45,54,65]"
芭蕉雨,程垓,"[6,14,20,30,36,41,49,65]"
淡黄柳,姜夔,"[4,9,16,22,29,32,37,43,51,65]"
滚绣球,赵长卿,"[12,32,38,45,65]"
锦缠道,宋祁,"[10,17,24,33,42,49,66]"
厌金杯,贺铸,"[8,15,27,33,41,48,60,66]"
庆春泽,张先,"[6,15,24,33,39,48,57,66]"
行香子,晁补之,"[8,15,23,33,48,56,66]"
酷相思,程垓,"[7,13,21,27,33,40,46,54,60,66]"
解佩令,晏几道,"[8,15,26,33,48,59,66]"
垂丝钓,周邦彦,"[4,10,18,21,26,29,34,44,48,53,58,61,66]"
谢池春,陆游,"[10,17,26,33,43,50,59,66]"
胜胜令,曹勋,"[8,15,25,32,42,49,59,66]"
玉梅令,姜夔,"[4,9,16,33,42,49,66]"
青玉案,贺铸,"[7,13,20,28,33,40,47,54,62,67]"
感皇恩,毛滂,"[9,16,26,34,42,49,59,67]"
钿带长中腔,万俟咏,"[3,6,12,20,29,35,45,52,61,67]"
梦行云,吴文英,"[5,8,11,20,32,46,55,67]"
三奠子,王恽,"[9,15,25,34,42,48,58,67]"
凤凰阁,柳永,"[10,17,27,34,44,51,61,68]"
看花回,柳永,"[7,11,25,34,41,45,59,68]"
殢人娇,晏殊,"[10,17,26,35,43,50,59,68]"
两同心,柳永,"[8,22,33,39,43,57,68]"
拾翠羽,张孝祥,"[10,17,25,34,44,51,59,68]"
连理枝,李白,"[5,10,22,35,40,45,57,70]"
月上海棠,无名氏,"[7,15,26,35,42,50,61,70]"
惜黄花,史达祖,"[4,8,18,28,35,39,43,53,63,70]"
且坐令,韩玉,"[3,8,15,20,32,39,45,52,58,65,70]"
佳人醉,柳永,"[6,12,17,25,36,39,47,58,61,65,71]"
西施,柳永,"[7,12,21,35,48,57,71]"
小镇西犯,柳永,"[9,16,22,26,34,37,46,53,59,63,71]"
千秋岁,秦观,"[4,9,15,25,35,40,45,51,61,71]"
惜奴娇,晁补之,"[9,16,26,28,35,45,52,62,74]"
卓牌子近,袁去华,"[10,17,27,36,39,45,54,64,71]"
三登乐,范成大,"[11,18,28,36,46,53,63,71]"
檐前铁,无名氏,"[11,25,37,49,59,71]"
忆帝京,柳永,"[7,13,23,33,40,47,62,72]"
于飞乐,晏几道,"[10,16,26,37,51,61,72]"
撼庭竹,黄庭坚,"[7,12,19,26,36,43,48,67,77]"
粉蝶儿,毛滂,"[10,17,27,36,46,53,63,72]"
绕池游,无名氏,"[10,18,28,32,36,40,46,54,58,64,72]"
师师令,张先,"[4,9,23,30,35,42,47,61,68,73]"
隔浦莲近拍,周邦彦,"[6,11,22,27,30,35,38,48,58,65,67,73]"
郭郎儿近拍,柳永,"[2,15,17,21,34,36,46,59,73]"
临江仙引,柳永,"[10,16,26,39,52,62,74]"
碧牡丹,晏几道,"[5,10,20,29,35,38,43,49,59,68,74]"
百媚娘,张先,"[6,12,25,32,37,43,49,62,69,74]"
风入松,晏几道,"[7,11,25,37,44,48,62,74]"
传言玉女,晁冲之,"[10,19,29,37,47,56,66,74]"
枕屏儿,无名氏,"[10,20,30,37,47,57,67,74]"
剔银灯,柳永,"[6,13,27,31,38,44,50,64,68,75]"
隔帘听,柳永,"[11,18,27,30,37,40,44,49,56,65,68,75]"
越溪春,欧阳修,"[12,26,38,44,49,63,75]"
长生乐,晏殊,"[7,12,21,31,42,50,56,64,75]"
诉衷情近,柳永,"[10,22,37,40,46,55,70,75]"
下水船,黄庭坚,"[5,11,21,24,36,39,44,50,60,63,75]"
解蹀躞,周邦彦,"[11,20,36,39,45,50,59,75]"
扑蝴蝶,曹组,"[9,18,36,39,48,57,75]"
千年调,辛弃疾,"[10,20,29,38,57,66,75]"
蕊珠闲,赵彦端,"[12,22,30,36,39,45,51,61,69,75]"
瑞云浓,杨无咎,"[10,17,28,38,49,56,67,75]"
番枪子,韩玉,"[7,15,28,36,46,54,67,75]"
荔枝香,柳永,"[9,20,31,40,49,59,70,76]"
婆罗门引,曹组,"[11,17,28,37,41,47,57,69,76]"
御街行,柳永,"[7,12,25,38,45,50,63,76]"
韵令,程大昌,"[8,13,21,29,38,46,51,59,67,76]"
春声碎,张先,"[11,24,38,43,49,61,64,76]"
凤楼春,欧阳炯,"[5,9,12,19,25,37,40,44,58,69,77]"
祝英台近,程核,"[11,20,37,40,51,60,77]"
四园竹,周邦彦,"[9,21,42,45,57,71,87]"
侧犯,周邦彦,"[11,13,21,31,33,41,50,53,61,69,77]"
离亭宴,张先,"[5,12,19,26,38,44,51,58,65,77]"
阳关引,寇准,"[5,10,20,30,40,48,58,68,78]"
一丛花,苏轼,"[7,12,26,39,46,51,65,78]"
甘州令,柳永,"[10,17,27,40,48,55,65,78]"
山亭柳,晏殊,"[4,9,15,27,37,51,57,69,79]"
忆黄梅,王观,"[6,12,20,32,38,41,47,54,58,70,79]"
红林檎近,周邦彦,"[10,20,32,38,43,53,63,79]"
梦还京,柳永,"[11,29,32,43,50,53,59,62,79]"
快活年近拍,万俟咏,"[10,20,32,38,41,51,61,79]"
金人捧露盘,高观国,"[3,9,16,27,38,50,57,68,79]"
过涧歇,柳永,"[2,17,20,31,41,52,61,80]"
瑶阶草,程垓,"[10,19,31,37,40,51,62,70,74,80]"
安公子,柳永,"[5,22,27,44,54,65,80]"
应景乐,萧回,"[4,13,21,26,41,46,62,70,80]"
柳初新,柳永,"[7,13,27,33,40,46,53,67,74,81]"
斗百花,柳永,"[6,12,24,40,45,55,65,81]"
皂罗特髻,苏轼,"[13,22,37,46,57,72,81]"
最高楼,辛弃疾,"[8,13,27,36,44,52,58,72,81]"
倒垂柳,杨无咎,"[11,21,31,42,46,53,63,72,81]"
彩凤飞,陈亮,"[11,20,39,42,53,62,72,81]"
有有令,赵长卿,"[4,14,25,40,42,46,53,64,70,74,81]"
拂霓裳,晏殊,"[3,10,20,30,33,41,51,61,71,74,82]"
柳腰轻,柳永,"[7,13,27,41,47,54,68,82]"
爪茉莉,柳永,"[9,16,27,40,50,57,67,76,82]"
蓦山溪,程垓,"[9,21,41,50,62,82]"
千秋岁引,王安石,"[8,15,29,38,45,52,59,73,82]"
早梅芳,周邦彦,"[6,11,22,32,42,48,53,64,74,82]"
新荷叶,黄裳,"[10,20,31,41,51,61,72,82]"
南州春色,汪梅溪,"[6,15,27,42,56,71,82]"
长寿乐,柳永,"[4,13,27,38,47,56,59,68,83]"
迷仙引,柳永,"[12,22,33,46,51,56,67,74,83]"
促拍花满路,柳永,"[10,17,26,41,52,59,68,83]"
黄鹤引,《泊宅编》方失名,"[4,11,21,25,31,42,52,62,66,72,76,83]"
洞仙歌,苏轼,"[9,16,34,50,66,83]"
望云涯引,李甲,"[10,20,32,41,51,61,73,83]"
泛兰舟,无名氏,"[11,22,40,43,54,65,83]"
秋夜月,尹鹗,"[4,14,24,34,42,46,56,66,76,84]"
祭天神,柳永,"[8,18,29,39,45,53,64,84]"
鹤冲天,柳永,"[9,17,28,33,43,50,58,69,74,84]"
少年游慢,张先,"[5,11,22,32,42,47,53,64,74,84]"
兀令,贺铸,"[7,11,16,26,37,42,49,53,58,68,79,84]"
踏青游,苏轼,"[10,17,27,30,36,42,52,59,69,72,78,84]"
梦玉人引,沈会宗,"[10,20,32,41,53,63,72,84]"
蕙兰芳引,周邦彦,"[11,22,33,44,56,67,75,84]"
倾杯近,袁去华,"[11,22,33,43,54,65,76,84]"
清波引,姜夔,"[4,11,15,20,31,43,47,54,58,63,74,84]"
簇水,赵长卿,"[11,22,33,40,43,56,66,77,85]"
受恩深,柳永,"[5,10,17,29,34,43,50,60,72,77,86]"
婆罗门令,柳永,"[7,29,37,43,51,66,74,85,90]"
华胥引,周邦彦,"[12,23,34,44,55,65,76,86]"
五福降中天,江致和,"[11,20,32,43,54,64,75,86]"
离别难,薛昭蕴,"[16,30,53,74,88,103,124]"
江城梅花引,娟娟霜月冷侵门,"[7,10,26,42,57,60,63,74,83,99]"
寰海清,王庭珪,"[4,12,22,37,43,52,62,76,87]"
劝金船,苏轼,"[7,12,19,24,34,44,51,56,63,68,78,88]"
醉思仙,吕渭老,"[3,12,21,32,44,55,64,76,88]"
玉人歌,杨炎昶,"[3,12,21,33,44,49,58,67,79,88]"
惜红衣,姜夔,"[8,12,21,32,34,43,47,56,62,65,77,88]"
鱼游春水,无名氏,"[5,12,22,36,44,50,57,67,81,89]"
卜算子慢,柳永,"[14,24,32,45,50,59,69,77,89]"
雪狮儿,程垓,"[12,22,26,33,44,50,59,69,73,80,83,89]"
石湖仙,姜夔,"[4,13,25,36,38,45,58,68,76,80,83,89]"
八六子,杜牧,"[3,13,32,46,50,81,90]"
谢池春慢,张先,"[10,20,30,36,45,55,65,75,81,90]"
采桑子慢,吴礼之,"[10,21,25,32,44,56,67,71,78,90]"
探芳信,史达祖,"[3,12,22,34,45,50,59,69,81,90]"
遥天奉翠华引,侯寘,"[5,12,22,35,45,56,66,79,83,90]"
夏云峰,柳永,"[3,12,22,33,44,50,59,69,80,91]"
采莲令,柳永,"[8,15,27,44,55,62,74,91]"
醉翁操,苏轼,"[2,4,6,9,11,18,24,27,32,39,47,57,63,69,74,79,84,91]"
红芍药,王观,"[8,15,20,32,45,54,61,66,78,91]"
法曲献仙音,周邦彦,"[14,28,34,39,42,58,70,81,92]"
金盏倒垂莲,晁补之,"[13,22,35,45,60,69,82,92]"
塞翁吟,周邦彦,"[11,17,22,35,41,46,48,62,80,92]"
意难忘,苏轼,"[4,13,23,29,34,45,51,60,70,76,81,92]"
东风齐著力,胡浩然,"[12,21,34,45,50,59,68,81,92]"
远朝归,赵耆孙,"[13,23,34,37,46,61,71,82,85,92]"
露华,王沂孙,"[4,13,23,35,46,52,61,71,83,92]"
薄媚摘遍,桂香消,"[11,23,52,58,63,75,102]"
恋香衾,吕渭老,"[14,22,36,46,60,68,82,92]"
满江红,柳永,"[11,22,36,47,53,59,68,82,93]"
凄凉犯,姜夔,"[4,13,25,29,36,48,61,72,83,93]"
浣溪沙慢,周邦彦,"[10,19,28,33,45,48,67,76,81,93]"
四犯剪梅花,刘过,"[13,22,26,33,45,61,70,74,81,93]"
高平探芳新,吴文英,"[17,27,39,51,57,66,76,88,98]"
临江仙慢,柳永,"[13,22,24,35,47,49,59,68,70,81,93]"
雪明鳷鹊夜,宋徽宗,"[14,23,37,48,63,71,85,94]"
玉漏迟,宋祁,"[13,23,36,39,47,62,72,85,88,94]"
尾犯,柳永,"[13,22,36,49,60,69,83,94]"
驻马听,柳永,"[4,13,27,30,37,49,61,71,83,94]"
雪梅香,柳永,"[10,21,35,46,48,59,69,83,94]"
六幺令,柳永,"[9,20,31,35,46,57,68,79,83,94]"
保寿乐,曹勋,"[13,26,41,50,56,63,74,85,94]"
惜秋华,吴文英,"[13,23,36,38,47,52,62,72,85,87,94]"
古香慢,吴文英,"[12,22,34,47,54,62,72,84,94]"
芙蓉月,赵以夫,"[14,24,36,48,53,62,72,81,84,94]"
一枝春,杨缵,"[13,23,34,47,53,62,72,83,94]"
梅子黄时雨,张炎,"[13,22,36,39,47,49,53,62,71,85,88,94]"
如鱼水,柳永,"[14,18,24,27,34,48,54,60,64,70,73,80,94]"
赏松菊,曹勋,"[13,22,35,47,53,61,71,84,94]"
二色莲,曹勋,"[12,22,35,47,57,62,72,85,95]"
塞孤,柳永,"[8,14,21,27,39,47,57,63,70,76,88,95]"
水调歌头,毛滂,"[10,21,38,48,57,68,85,95]"
扫地游,周邦彦,"[13,17,26,36,39,48,53,62,66,75,85,88,95]"
满庭芳,晏几道,"[14,23,36,48,61,70,83,95]"
白雪,杨无咎,"[13,27,30,37,49,62,73,85,95]"
徵招,赵以夫,"[13,23,28,35,47,61,71,76,83,95]"
双瑞莲,赵以夫,"[5,14,24,37,40,48,63,73,86,89,95]"
玉京秋,周密,"[3,12,24,37,40,48,54,61,73,86,89,95]"
小圣乐,元好问,"[13,22,52,67,76,89,100]"
玉女迎春慢,彭元逊,"[13,19,25,29,36,48,62,74,78,85,95]"
玉梅香慢,无名氏,"[8,14,28,38,50,56,63,73,87,95]"
金浮图,尹鹗,"[3,7,15,23,33,39,48,51,55,63,67,75,81,91]"
阳台路,柳永,"[3,12,25,37,40,49,62,73,86,96]"
黄莺儿,柳永,"[7,23,34,48,50,60,74,85,96]"
天香,贺铸,"[14,28,32,39,51,57,64,74,80,88,96]"
熙州慢,张先,"[12,25,54,60,69,79,92,95,101]"
汉宫春,晁冲之,"[13,23,34,47,62,72,83,96]"
倦寻芳,王雱,"[12,22,35,47,62,72,79,86,96]"
剑器近,袁去华,"[3,10,16,19,22,29,35,38,40,45,57,75,79,89,96]"
秋兰香,陈亮,"[14,24,32,38,49,64,72,77,85,96]"
凤鸾双舞,汪元量,"[12,28,39,55,59,66,75,88,90,96]"
行香子慢,无名氏,"[4,13,22,35,47,49,53,62,71,84,96]"
甘露滴乔松,无名氏,"[13,23,41,53,68,78,96,106]"
庆千秋,无名氏,"[13,23,34,47,62,72,83,96]"
塞垣春,周邦彦,"[5,11,23,31,37,49,61,71,86,96]"
望云间,赵可,"[14,23,35,48,62,72,84,96]"
步月,史达祖,"[39,48,62,74,76,88,97,111,121]"
早梅香,无名氏,"[13,25,36,47,59,73,84,96]"
八声甘州,柳永,"[13,26,37,46,61,71,86,97]"
迷神引,柳永,"[7,13,21,30,38,46,55,62,72,81,89,97]"
醉蓬莱,柳永,"[13,22,35,47,63,72,85,97]"
凤凰台上忆吹箫,晁补之,"[14,25,38,49,64,75,88,97]"
夜合花,晁补之,"[14,24,29,36,48,54,63,73,78,85,97]"
采明珠,杜安世,"[13,23,28,49,52,55,60,63,71,76,97]"
庆清朝,王观,"[14,24,37,48,63,73,86,97]"
黄鹂绕碧树,周邦彦,"[13,26,37,50,56,63,75,87,97]"
帝台春,李甲,"[4,9,21,35,46,49,52,55,58,73,87,97]"
瑶台第一层,张元幹,"[12,24,36,48,50,61,73,85,88,97]"
暗香,姜夔,"[4,13,24,37,49,51,54,63,67,74,87,97]"
梦芙蓉,吴文英,"[5,14,23,28,34,48,54,63,72,77,83,97]"
西子妆,吴文英,"[14,28,32,39,51,54,63,77,81,88,97]"
玉京谣,吴文英,"[14,24,38,41,49,64,74,88,91,97]"
被花恼,杨缵,"[13,20,33,46,58,71,87,97]"
绿盖舞风轻,周密,"[14,27,38,49,51,64,77,88,97]"
月边娇,周密,"[13,27,38,49,63,77,81,88,97]"
松梢月,曹勋,"[4,13,23,37,49,63,73,87,97]"
四槛花,曹勋,"[4,12,22,36,39,49,55,63,73,87,97]"
长亭怨慢,姜夔,"[7,15,26,36,48,50,61,72,86,97]"
玉簟凉,史达祖,"[4,13,23,36,48,50,64,74,87,97]"
留客住,柳永,"[3,20,35,48,51,60,70,85,98]"
昼夜乐,柳永,"[7,13,25,32,39,49,56,62,74,88,98]"
雨中花慢,苏轼,"[14,24,36,49,63,74,86,98]"
万年欢,王安礼,"[4,13,23,36,49,64,74,87,98]"
燕春台,张先,"[14,24,30,37,49,65,75,86,89,98]"
逍遥乐,黄庭坚,"[6,16,30,34,45,54,60,66,77,88,98]"
八节长欢,毛滂,"[4,12,22,36,46,52,61,75,85,98]"
忆东坡,王之道,"[10,22,39,50,59,70,87,98]"
粉蝶儿慢,周邦彦,"[14,24,37,49,51,55,64,74,87,98]"
并蒂芙蓉,晁端礼,"[13,23,36,40,49,64,74,87,91,98]"
黄河清慢,晁端礼,"[7,13,23,36,49,64,74,87,98]"
春草碧,万俟咏,"[14,26,37,49,51,65,77,88,98]"
芰荷香,万俟咏,"[3,12,22,33,39,47,63,73,84,90,98]"
绣停针,陆游,"[12,26,30,37,49,54,63,77,81,88,98]"
扬州慢,姜夔,"[14,24,39,50,61,74,87,98]"
舞杨花,康与之,"[13,22,36,42,48,63,72,86,92,98]"
双双燕,史达祖,"[13,23,29,36,48,50,54,63,73,79,86,98]"
孤鸾,朱敦儒,"[4,13,23,36,47,55,64,74,87,98]"
云仙引,冯伟寿,"[14,20,33,45,51,59,71,86,98]"
玲珑玉,姚云文,"[11,21,36,38,45,60,71,88,98]"
陌上花,张翥,"[12,22,35,48,62,72,85,98]"
福寿千春,卢挚,"[8,14,27,38,50,56,65,78,88,98]"
夏日燕黉堂,无名氏,"[3,12,21,35,48,53,62,71,85,98]"
水晶帘,无名氏,"[5,12,25,39,50,55,64,73,87,98]"
三部乐,苏轼,"[4,13,23,39,49,64,74,81,88,92,99]"
梦扬州,秦观,"[3,12,22,36,49,55,64,74,88,99]"
声声慢,晁补之,"[14,24,37,49,64,74,87,99]"
紫玉箫,晁补之,"[14,27,38,49,64,77,88,99]"
无闷,程垓,"[14,23,29,37,50,52,58,64,72,78,86,99]"
月下笛,周邦彦,"[12,16,22,36,49,63,73,87,99]"
玲珑四犯,周邦彦,"[13,23,36,43,49,56,63,75,88,99]"
丁香结,周邦彦,"[14,19,28,40,52,54,65,77,88,93,99]"
琐寒窗,周邦彦,"[12,22,36,49,51,54,63,73,87,99]"
大有,潘希白,"[15,24,38,50,56,65,75,88,99]"
燕山亭,曾觌,"[14,18,28,39,41,50,65,79,90,92,99]"
聒龙谣,朱敦儒,"[14,23,37,50,65,74,88,99]"
金菊对芙蓉,康与之,"[14,23,37,49,55,64,73,87,99]"
催雪,姜夔,"[14,23,37,49,51,54,63,72,86,99]"
十月桃,张元幹,"[13,23,36,48,55,64,74,87,99]"
蜀溪春,曹勋,"[12,26,38,49,64,78,90,99]"
秋宵吟,姜夔,"[6,12,24,30,36,48,59,72,77,85,99]"
三姝媚,史达祖,"[5,14,27,38,50,56,65,78,89,99]"
凤池吟,吴文英,"[14,27,38,50,65,78,89,99]"
新雁过妆楼,吴文英,"[4,13,23,37,40,48,63,73,87,99]"
月华清,洪瑹,"[14,24,38,40,49,55,64,74,88,90,99]"
国香,张炎,"[4,13,23,36,49,63,73,86,99]"
飞龙宴,宋媛苏氏,"[13,23,29,36,49,51,56,65,75,81,88,92,99]"
御带花,欧阳修,"[13,26,37,49,77,88,100]"
定风波慢,柳永,"[13,26,32,39,41,50,55,63,77,83,90,92,100]"
芳草,韩缜,"[13,26,38,49,51,63,77,89,100]"
念奴娇,苏轼,"[13,26,39,49,64,77,90,100]"
解语花,秦观,"[13,17,26,30,37,49,55,64,68,77,81,88,100]"
绕佛阁,周邦彦,"[4,12,16,25,29,37,41,50,62,71,80,84,93,100]"
渡江云,周邦彦,"[14,28,39,51,53,82,96,105]"
腊梅香,吴师益,"[13,27,38,50,64,77,88,100]"
大椿,曹勋,"[14,24,38,50,65,75,89,100]"
八音谐,曹勋,"[14,24,38,50,66,76,89,100]"
绛都春,吴文英,"[4,13,24,31,38,50,52,65,76,83,90,100]"
琵琶仙,姜夔,"[13,24,38,50,65,76,90,100]"
换巢鸾凤,史达祖,"[4,13,23,30,38,55,58,67,81,95,105]"
东风第一枝,史达祖,"[14,26,37,50,57,64,76,87,100]"
高阳台,刘镇,"[14,24,38,49,65,75,89,100]"
春夏两相期,蒋捷,"[7,13,23,37,49,55,64,74,88,100]"
垂杨,陈允平,"[4,13,24,31,38,50,56,65,76,83,90,100]"
采绿吟,周密,"[12,24,38,84,99,110]"
长寿仙,赵孟頫,"[4,13,23,59,65,89,125]"
雪夜渔舟,虚靖真人,"[3,12,26,30,37,49,54,63,77,81,88,100]"
惜寒梅,无名氏,"[13,23,30,37,49,55,64,74,81,88,100]"
惜花春起早慢,无名氏,"[12,26,37,49,64,77,88,100]"
凤归云,柳永,"[10,19,32,48,72,85,101]"
木兰花慢,柳永,"[11,24,26,38,50,52,56,62,75,77,89,101]"
彩云归,柳永,"[7,14,29,41,52,54,65,77,90,101]"
满朝欢,柳永,"[14,24,37,49,65,75,89,101]"
桂枝香,王安石,"[4,13,23,37,49,56,65,75,89,101]"
锦堂春慢,司马光,"[14,24,36,49,64,74,87,101]"
喜朝天,张先,"[3,12,24,38,49,64,76,90,101]"
剪牡丹,张先,"[14,23,39,48,54,61,74,81,90,92,101]"
马家春慢,贺铸,"[14,25,38,50,56,65,77,90,101]"
梅香慢,贺铸,"[13,27,38,50,64,69,78,89,101]"
玉烛新,周邦彦,"[5,14,27,38,51,66,70,79,83,90,101]"
六花飞,曹勋,"[13,22,39,51,65,74,91,101]"
清风满桂楼,曹勋,"[4,14,28,40,51,56,66,80,85,92,101]"
映山红慢,元载,"[11,24,31,38,49,63,76,90,94,101]"
真珠帘,陆游,"[7,16,26,40,42,51,53,57,66,76,90,92,101]"
曲江秋,杨无咎,"[4,13,26,31,37,49,51,55,62,76,88,101]"
翠楼吟,姜夔,"[14,26,30,39,42,50,52,65,77,81,90,93,101]"
霓裳中序第一,姜夔,"[5,12,18,27,31,38,50,52,56,63,69,77,82,89,101]"
月当厅,史达祖,"[15,25,39,50,66,76,90,101]"
寿楼春,史达祖,"[5,14,24,30,37,51,57,66,76,82,89,101]"
秋色横空,白朴,"[4,13,26,32,40,50,56,65,78,84,92,101]"
舜韶新,郭子正,"[13,26,38,49,65,78,90,101]"
西平乐,柳永,"[11,29,39,42,48,65,72,86,92,102]"
山亭宴,张先,"[7,14,26,40,51,58,65,77,91,102]"
望春回,李甲,"[13,23,38,50,56,65,75,90,102]"
水龙吟,苏轼,"[13,25,37,52,58,65,77,89,102]"
斗百草,晁补之,"[11,25,37,50,67,82,92,95,102]"
石州慢,贺铸,"[12,24,41,51,53,65,75,92,102]"
上林春慢,晁补之,"[14,28,39,51,58,67,81,92,102]"
宴清都,周邦彦,"[5,14,26,39,52,66,78,91,102]"
庆春宫,周邦彦,"[14,28,39,51,57,65,79,90,102]"
忆旧游,周邦彦,"[13,27,38,51,53,65,79,90,102]"
花犯,周邦彦,"[12,16,25,32,37,49,65,75,90,102]"
瑞鹤仙,周邦彦,"[5,14,19,28,32,39,52,66,70,76,91,96,102]"
齐天乐,周邦彦,"[13,27,31,40,51,66,80,84,93,102]"
昼锦堂,周邦彦,"[14,24,38,51,53,65,75,89,102]"
氐州第一,周邦彦,"[14,28,39,51,58,65,78,91,102]"
花发状元红慢,刘几,"[13,17,26,38,50,64,71,78,90,102]"
恋芳春慢,万俟咏,"[14,24,37,50,66,76,89,102]"
瑶华,周密,"[4,13,26,37,50,65,78,89,102]"
湘春夜月,黄孝迈,"[9,20,35,48,60,75,86,102]"
曲游春,周密,"[14,27,32,39,52,54,58,67,80,85,92,102]"
竹马儿,柳永,"[13,26,40,54,67,73,79,94,103]"
长相思慢,柳永,"[14,28,32,41,45,52,67,79,90,103]"
雨霖铃,柳永,"[4,12,26,37,51,58,66,79,91,103]"
还京乐,周邦彦,"[12,25,30,37,48,52,67,80,92,103]"
双头莲,周邦彦,"[26,29,54,57,66,80,92,103]"
忆瑶姬,曹组,"[14,24,31,38,51,57,66,76,83,90,103]"
安平乐慢,万俟咏,"[14,28,41,46,52,67,79,90,103]"
望南云慢,沈公述,"[13,26,38,50,52,66,79,91,103]"
情久长,吕渭老,"[11,22,36,53,62,73,86,103]"
西江月慢,吕渭老,"[11,24,39,51,59,66,78,93,103]"
杏花天慢,曹勋,"[14,28,32,39,52,67,81,85,92,103]"
探春慢,姜夔,"[14,28,40,52,67,81,93,103]"
眉妩,姜夔,"[14,28,32,39,52,54,58,67,81,85,92,103]"
湘江静,史达祖,"[7,14,27,39,53,59,66,79,91,103]"
金盏子,吴文英,"[13,27,38,51,53,56,64,79,90,103]"
龙山会,赵以夫,"[5,14,19,28,40,51,66,71,80,92,103]"
春云怨,冯艾子,"[4,13,26,41,54,61,70,77,89,103]"
升平乐,吴奕,"[14,28,39,51,66,80,91,103]"
迎新春,柳永,"[11,16,22,29,38,43,50,58,67,81,91,96,104]"
归朝欢,柳永,"[7,14,28,33,40,52,59,66,80,85,92,104]"
双声子,柳永,"[14,28,40,52,66,80,92,104]"
永遇乐,苏轼,"[12,25,39,52,66,79,93,104]"
二郎神,柳永,"[3,10,25,39,52,54,62,77,91,104]"
倾杯乐,柳永,"[14,27,39,52,67,81,94,97,104]"
百宜娇,吕渭老,"[14,28,39,52,59,68,82,93,104]"
月中桂,赵彦端,"[13,26,31,38,52,58,67,80,92,104]"
澡兰香,吴文英,"[14,28,41,52,66,80,93,104]"
宴琼林,黄裳,"[14,28,39,52,65,72,77,91,104]"
潇湘逢故人慢,王安礼,"[13,18,27,38,51,66,71,80,91,104]"
惜余欢,黄庭坚,"[13,23,39,51,57,66,76,92,104]"
拜星月慢,周邦彦,"[14,23,40,49,57,65,76,84,92,104]"
绮寮怨,周邦彦,"[11,25,39,54,60,70,74,80,92,96,104]"
花心动,史达祖,"[13,27,41,52,58,67,81,95,104]"
向湖边,江纬,"[14,23,40,49,58,68,77,85,95,104]"
阳春,杨无咎,"[12,27,31,38,51,66,79,85,92,104]"
送入我门来,胡浩然,"[14,23,38,51,67,76,91,104]"
绕池游慢,韩淲,"[13,27,39,51,66,80,92,104]"
索酒,曹勋,"[14,28,40,52,68,82,94,104]"
瑞云浓慢,陈亮,"[14,28,41,53,59,67,81,92,104]"
霜花腴,吴文英,"[13,27,31,38,52,67,81,85,92,104]"
绮罗香,史达祖,"[14,24,38,52,68,78,92,104]"
玉连环,冯艾子,"[15,30,40,52,67,82,92,104]"
春从天上来,吴激,"[4,13,21,27,39,51,66,80,92,95,104]"
西湖月,黄子行,"[15,27,40,53,68,80,93,104]"
爱月夜眠迟慢,无名氏,"[13,27,39,51,66,80,92,104]"
合欢带,柳永,"[7,13,27,39,52,66,80,92,105]"
曲玉管,柳永,"[30,33,63,66,89,92,115]"
早梅芳慢,柳永,"[6,13,27,53,67,81,105]"
尉迟杯,柳永,"[3,11,23,27,35,48,54,63,77,84,92,105]"
花发沁园春,刘圻父,"[14,28,32,39,52,58,67,81,85,92,105]"
赏南枝,曾巩,"[14,28,34,41,52,58,67,81,87,94,105]"
南浦,程垓,"[14,28,39,43,52,67,81,92,96,105]"
西河,周邦彦,"[3,9,20,33,39,45,56,69,76,83,89,105]"
梦横塘,刘一止,"[14,25,37,52,67,78,92,105]"
西吴曲,刘过,"[7,15,26,37,51,66,69,85,105]"
秋霁,史达祖,"[13,27,31,38,41,50,66,80,87,105]"
清风八咏楼,王行,"[14,19,28,39,52,67,72,81,92,105]"
暗香疏影,张肎,"[4,13,24,37,49,64,78,92,105]"
真珠髻,无名氏,"[14,28,39,52,58,67,81,92,105]"
征部乐,柳永,"[11,18,25,31,38,52,66,82,87,94,106]"
解连环,柳永,"[4,13,29,40,53,59,68,84,95,106]"
内家娇,柳永,"[14,28,40,53,55,66,71,81,87,93,106]"
夜飞鹊慢,周邦彦,"[9,15,28,42,53,68,82,93,106]"
泛清波摘遍,晏几道,"[15,26,29,44,55,58,70,81,84,96,106]"
望明河,刘一止,"[13,26,39,52,58,67,80,93,106]"
楚宫春慢,僧挥,"[4,13,23,36,53,66,76,89,106]"
望海潮,柳永,"[14,28,33,42,53,59,68,82,87,96,107]"
望湘人,贺铸,"[15,23,29,41,54,60,69,80,88,94,107]"
青门饮,秦观,"[16,30,42,54,60,69,83,95,107]"
落梅,王诜,"[14,27,39,55,61,68,81,93,107]"
飞雪满群山,蔡伸,"[14,28,40,53,70,84,96,107]"
角招,赵以夫,"[3,12,17,25,29,36,42,53,55,59,68,73,81,85,92,98,107]"
一寸金,柳永,"[11,28,40,54,67,84,96,108]"
击梧桐,柳永,"[14,28,42,56,70,83,96,108]"
折红梅,杜安世,"[13,26,30,37,54,58,67,80,84,91,108]"
泛清苕,张先,"[4,13,26,40,53,59,68,81,95,108]"
薄幸,贺铸,"[4,11,24,38,53,66,82,86,98,108]"
倚阑人,曹勋,"[15,29,40,55,61,70,84,95,108]"
惜黄花慢,杨无咎,"[4,13,29,43,46,54,69,85,99,102,108]"
一萼红,姜夔,"[3,13,27,42,54,69,83,98,108]"
夺锦标,张埜,"[14,28,40,53,59,69,83,95,108]"
菩萨蛮慢,罗志仁,"[4,13,29,40,53,59,68,86,97,108]"
杜韦娘,杜安世,"[11,26,42,53,56,67,82,98,109]"
无愁可解,苏轼,"[8,14,25,32,39,54,56,69,80,87,94,109]"
过秦楼,李甲,"[14,28,33,40,53,70,84,96,109]"
江城子慢,吕渭老,"[5,13,16,25,28,43,55,70,73,82,85,100,109]"
江南春慢,吴文英,"[14,25,30,37,54,60,69,80,85,92,109]"
胄马索,无名氏,"[10,21,36,50,52,67,80,95,109]"
八宝妆,李甲,"[14,27,44,54,70,84,91,98,110]"
疏影,姜夔,"[4,13,27,41,54,69,83,97,110]"
大圣乐,康与之,"[34,49,61,75,88,103,115]"
高山流水,吴文英,"[7,14,25,32,45,55,57,69,80,87,100,110]"
慢卷紬,柳永,"[13,30,43,56,60,68,85,98,111]"
选冠子,周邦彦,"[14,28,42,55,72,86,100,111]"
霜叶飞,周邦彦,"[4,13,25,32,39,55,71,83,90,97,111]"
五彩结同心,赵彦端,"[14,28,42,55,70,84,98,111]"
透碧霄,柳永,"[3,10,22,34,41,54,68,80,92,99,112]"
玉山枕,柳永,"[10,26,40,55,62,68,84,98,113]"
期夜月,刘濬,"[7,12,18,28,30,37,42,58,72,83,85,92,97,113]"
轮台子,柳永,"[13,25,39,51,64,76,85,95,102,114]"
沁园春,苏轼,"[12,29,44,56,62,70,87,102,114]"
丹凤引,周邦彦,"[14,24,40,56,69,83,93,105,114]"
紫萸香慢,姚云文,"[13,24,39,56,58,62,68,81,93,110,114]"
瑶台月,无名氏,"[13,23,37,43,49,57,64,71,80,94,100,106,114]"
宣清,柳永,"[14,28,40,52,66,85,92,99,115]"
八归,姜夔,"[14,31,45,57,73,87,99,115]"
摸鱼儿,晁补之,"[13,26,29,39,43,57,66,72,85,88,98,102,116]"
贺新郎,叶梦得,"[5,16,29,36,51,57,64,75,88,95,110,116]"
子夜歌,彭元逊,"[13,26,39,56,69,82,93,106,117]"
吊严陵,李甲,"[12,20,34,41,53,62,67,69,82,96,102,108,119]"
金明池,秦观,"[14,28,44,59,66,75,89,105,120]"
送征衣,柳永,"[3,17,23,25,36,49,61,73,83,96,109,121]"
笛家,柳永,"[19,35,48,60,62,82,96,109,121]"
秋思耗,吴文英,"[5,14,26,38,44,63,65,69,76,80,88,100,106,117,123]"
春风袅娜,冯艾子,"[9,15,32,47,61,78,84,92,108,125]"
春雪间早梅,梅将雪共春,"[5,12,26,38,48,60,75,89,101,113,125]"
白苎,柳永,"[10,20,30,32,42,52,62,64,82,91,104,116,125]"
翠羽吟,蒋捷,"[3,6,11,22,34,47,54,62,77,89,101,107,114,126]"
六州,良夜永,"[8,19,26,35,42,47,64,73,84,91,94,100,107,112,129]"
十二时慢,晚晴初,"[13,20,26,39,56,69,82,93,106,114,119,130]"
兰陵王,雨初歇,"[3,9,23,28,34,48,53,62,69,85,90,92,95,104,111,120,131]"
大酺,周邦彦,"[13,27,41,55,68,73,81,99,111,117,127,133]"
破阵乐,柳永,"[12,25,37,54,66,68,82,95,105,133]"
瑞龙吟,周邦彦,"[3,13,27,30,40,54,68,78,87,98,103,111,116,125,133]"
浪淘沙慢,柳永,"[11,23,31,51,53,81,93,106,133]"
歌头,唐庄宗,"[7,16,22,33,40,48,54,65,74,83,99,114,136]"
多丽,晁补之,"[9,22,36,51,63,74,87,101,116,128,139]"
玉女摇仙佩,柳永,"[14,28,33,42,55,68,84,98,103,112,127,130,137]"
六丑,周邦彦,"[12,21,25,39,46,54,60,69,73,78,86,92,101,108,121,128,140]"
玉抱肚,杨无咎,"[4,8,21,36,44,50,66,74,82,95,99,109,119,125,141]"
六州歌头,贺铸,"[9,28,31,76,94,104,108,111,139,158,161,182,201,219,229,233]"
夜半乐,柳永,"[15,24,32,42,50,64,73,91,99,111,119,129,137,144]"
宝鼎现,康与之,"[12,26,40,53,60,67,81,95,108,121,132,139,144,157]"
个侬,廖莹中,"[12,27,44,59,70,80,84,91,106,123,131,138,149,159]"
解红慢,无名氏,"[4,12,39,50,59,67,74,83,137,147,156,164,171]"
穆护砂,宋褧,"[5,12,27,35,42,56,90,96,103,118,126,133,184]"
三台,万俟咏,"[13,28,36,43,57,70,78,85,93,100,114,127,142,150,157,171]"
哨遍,苏轼,"[13,33,54,69,107,123,134,150,165,198,223,242]"
戚氏,柳永,"[3,10,21,23,26,33,46,60,73,79,88,99,102,114,128,141,155,195,202,210,222]"
胜州令,郑意娘,"[5,13,26,37,45,50,55,71,84,95,104,109,114,119,127,140,159,169,183,196,210,215]"
莺啼序,吴文英,"[11,24,31,38,49,62,75,89,100,113,132,155,171,184,191,203,226,240]"
清平调辞,李白,"[7,14,28,35,42,56,63,70,84]"
水调歌,第一,"[7,14,28,35,42,56,63,70,84,91,98,112,122,132,139,146,160,167,174,188,195,202,216,223,230,244,251,258,272,282,292]"
凉州歌,第一,"[7,14,28,35,42,56,61,66,76,83,90,104,118,132]"
伊州歌,第一,"[7,14,28,35,42,56,66,76,86,96,106,116,123,130,144,151,158,172,179,186,200,210,220,230,240]"
陆州歌,无名氏,"[10,20,30,40,50,60,70,80,90,100,110,120,130,140]"
调笑令,毛滂,"[2,5,12,19,25,32,38,40,43,50,57,63,70,76,78,81,88,95,101,108,114,116,119,126,133,139,146,152,154,157,164,171,177,184,190,192,195,202,209,215,222,228,230,233,240,247,253,260,266,268,271,278,285,291,298,304,306,309,316,323,329,336,342,344,347,354,361,367,374,380]"
九张机,无名氏,"[3,10,35,38,45,70,73,80,105,108,115,140,143,150,175,178,185,210,213,220,245,248,255,280,283,290,315,317,324,349,351,358,383]"
梅花曲,刘几,"[10,23,33,45,59,71,84,92,105,117,131,142,148,157,169,180,192,206,231,242,255,266,279,288]"
竹枝,孙光宪,"[7,14,28]"
闲中好,郑符,"[8,18]"
啰唝曲,刘采春,"[5,10,20]"
啰唝曲,刘采春,"[7,14,28]"
南歌子,张泌,"[10,17,26]"
南歌子,毛熙震,"[10,17,26,36,43,52]"
南歌子,辛弃疾,"[10,17,26,36,43,52]"
南歌子,无名氏,"[10,17,26,36,43,53]"
南歌子,周邦彦,"[10,17,27,37,44,54]"
南歌子,石孝友,"[10,17,26,36,43,52]"
荷叶杯,顾夐,"[6,8,25,28]"
荷叶杯,韦庄,"[6,8,25,30,43,60,65]"
回波乐,无名氏,"[6,12,24]"
舞马词,张说,"[12,24]"
三台,王建,"[6,12,24]"
凭阑人,倪瓒,"[7,19,25]"
梧叶儿,张可久,"[6,11,17,20,27]"
梧叶儿,张可久,"[6,11,21,26,32]"
梧叶儿,张雨,"[6,11,21,26,33]"
梧叶儿,张可久,"[10,15,25,30]"
渔歌子,南唐李煜,"[14,20,27]"
渔歌子,苏轼,"[6,12,25]"
渔歌子,顾夐,"[6,13,19,25,31,38,44,50]"
渔歌子,孙光宪,"[6,13,25,31,38,50]"
忆江南,欧阳修,"[8,22,27,35,49,54]"
忆江南,冯延巳,"[7,15,34,55,74]"
章台柳,唐妓柳氏,"[6,13,27]"
南乡子,欧阳炯,"[4,11,18,21,28]"
南乡子,冯延巳,"[5,12,19,21,28]"
南乡子,李珣,"[6,13,20,23,30]"
南乡子,欧阳修,"[4,11,20,27,31,38,47,54]"
南乡子,冯延巳,"[5,12,21,28,33,40,49,56]"
南乡子,王之道,"[5,12,21,28,33,40,49,56]"
南乡子,黄机,"[5,12,22,29,34,41,51,58]"
南乡子,赵长卿,"[5,13,22,29,34,42,51,58]"
捣练子,李石,"[6,13,19,25,32,38]"
春晓曲,张元幹,"[7,13,27]"
寿阳曲,张可久,"[6,13,21,28]"
寿阳曲,张可久,"[10,17,25,32]"
八拍蛮,阎选,"[14,28]"
十样花,李弥逊,"[6,12,20,23,28]"
天净沙,马致远,"[6,12,40]"
甘州曲,顾夐,"[7,13,20,25,33]"
喜春来,周德清,"[14,21,34]"
喜春来,司马九皋,"[14,21,30]"
喜春来,无名氏,"[14,23,26,31]"
秋风清,寇准,"[6,16,30]"
秋风清,刘长卿,"[3,6,16,30]"
抛球乐,皇甫松,"[10,23,33]"
抛球乐,冯延巳,"[7,14,28,40]"
抛球乐,柳永,"[10,25,39,54,71,84,97,111,123,133,148,165,178,187]"
忆王孙,白朴,"[7,14,29]"
忆王孙,无名氏,"[7,14,27,34,41,54]"
金字经,《太平乐府》徐失名,"[10,17,22,36]"
金字经,《太平乐府》徐失名,"[10,29,43]"
遐方怨,孙光宪,"[6,16,23,30,36,46,53,60]"
后庭花破子,赵孟頫,"[5,10,20,23,33]"
如梦令,无名氏,"[6,12,23,25,27,33]"
如梦令,无名氏,"[6,12,23,25,27,36]"
如梦令,无名氏,"[6,12,23,27,36]"
如梦令,吴文英,"[6,12,23,25,27,36]"
如梦令,魏泰,"[6,12,23,25,27,36,42,48,59,61,63,72]"
诉衷情,韦庄,[63]
诉衷情,顾夐,"[1]"
诉衷情,毛文锡,"[7,12,18,23,28,31,38,41]"
诉衷情,魏承班,"[7,12,18,23,28,31,41]"
西溪子,毛文锡,"[1]"
天仙子,和凝,"[7,14,27,34]"
天仙子,韦庄,"[7,14,21,27,34]"
天仙子,张先,"[7,14,24,27,34,41,48,58,61,68]"
风流子,周邦彦,"[13,30,43,59,73,83,100,110]"
风流子,张耒,"[13,30,43,59,73,83,100,110]"
风流子,王之道,"[13,30,43,60,74,84,101,111]"
风流子,王千秋,"[13,30,43,59,73,83,100,110]"
风流子,周邦彦,"[5,30,42,58,72,82,99,109]"
风流子,吴文英,"[5,13,30,42,58,72,82,99,109]"
风流子,贺铸,"[5,13,29,42,58,63,72,82,98,108]"
风流子,吴激,"[5,13,30,43,59,64,74,84,101,111]"
定西番,温庭筠,"[1]"
定西番,韦庄,"[1]"
定西番,孙光宪,"[12,15,26,35]"
定西番,张先,"[12,21,32,41]"
江城子,欧阳炯,"[7,10,13,22,36]"
江城子,牛峤,"[7,12,15,24,37]"
江城子,尹鹗,"[6,11,14,23,36]"
江城子,苏轼,"[7,10,13,22,35,42,45,48,57,70]"
长相思,白居易,"[3,6,16,21,27,37,42]"
长相思,晏几道,"[3,13,18,21,31,36]"
长相思,欧阳修,"[3,6,13,18,21,24,31,36]"
长相思,刘光祖,"[1]"
思帝乡,韦庄,"[3,8,17,26,34]"
思帝乡,韦庄,"[6,15,24,33]"
相见欢,杨无咎,"[6,9,18,27,36]"
相见欢,蔡伸,"[6,9,18,27,36]"
相见欢,张镃,"[6,9,18,27,36]"
相见欢,吴文英,"[6,9,18,24,27,36]"
河满子,和凝,"[12,25,37]"
河满子,尹鹗,"[12,24,36,48,61,73]"
河满子,毛熙震,"[12,25,37,49,62,74]"
河满子,毛滂,"[6,12,25,37,43,49,62,74]"
望梅花,孙光宪,"[7,21,26,33,38]"
望梅花,蒲宗孟,"[4,10,18,22,29,35,39,45,53,57,64,70]"
望梅花,蒲宗孟,"[4,10,23,36,40,46,59,72]"
望梅花,张雨,"[6,13,27,30,41,47,54,68,71,82]"
醉太平,辛弃疾,"[4,8,15,20,27,33,40,45]"
醉太平,无名氏,"[4,8,15,20,51,56]"
上行杯,孙光宪,"[6,13,20,24,30,32,35,39]"
上行杯,韦庄,"[6,13,20,26,33,35,41]"
感恩多,牛峤,"[5,10,15,18,28,45]"
春光好,和凝,"[6,9,16,19,31,41]"
春光好,欧阳炯,"[6,9,19,31,41]"
春光好,张元幹,"[6,9,19,25,31,41]"
春光好,晏几道,"[6,9,19,25,32,42]"
春光好,无名氏,"[6,9,19,25,32,42]"
春光好,蔡伸,"[6,9,19,25,32,43]"
春光好,无名氏,"[6,13,24,30,37,48]"
酒泉子,孙光宪,"[1]"
酒泉子,温庭筠,"[1]"
酒泉子,韦庄,"[1]"
酒泉子,李珣,"[1]"
酒泉子,顾夐,"[1]"
酒泉子,温庭筠,"[11]"
酒泉子,张泌,"[1]"
酒泉子,顾夐,"[111]"
酒泉子,顾夐,"[1111]"
酒泉子,冯延巳,"[1]"
酒泉子,冯延巳,"[11]"
酒泉子,司空图,"[1]"
酒泉子,顾夐,"[11111]"
酒泉子,牛峤,"[14,20,57]"
酒泉子,顾夐,"[1111111]"
酒泉子,张泌,"[17,20,27,40,43]"
酒泉子,毛文锡,"[18,21,28,42,45]"
酒泉子,李珣,"[17,20,27,43]"
酒泉子,冯延巳,"[4,20,27,42]"
酒泉子,顾夐,"[18,21,28,40,43]"
酒泉子,李珣,"[17,20,26,39,42]"
怨回纥,无名氏,"[7,14,28,40]"
生查子,刘侍读,"[10,20,25,30,40]"
生查子,牛希济,"[10,20,26,31,41]"
生查子,孙光宪,"[10,20,32,42]"
生查子,张泌,"[6,11,21,27,32,42]"
添声杨柳枝,贺铸,"[7,10,17,20,30,37,40]"
添声杨柳枝,朱敦儒,"[13,16,19,22,29,32]"
醉公子,尹鹗,"[5,10,15,20,25,30,35,40]"
醉公子,顾夐,"[5,10,35,40]"
醉公子,史达祖,"[5,13,25,28,39,53,60,68,80,83,94,106]"
昭君怨,蔡伸,"[6,12,17,20,25,31,36,39]"
昭君怨,周紫芝,"[6,12,17,20,23,26,32,37,40]"
玉蝴蝶,孙光宪,"[6,11,16,21,40,45,50]"
玉蝴蝶,柳永,"[14,24,38,41,49,51,63,74,88,91,99]"
玉蝴蝶,李之仪,"[14,24,38,41,49,51,63,73,87,90,98]"
玉蝴蝶,张炎,"[14,24,38,41,49,63,74,88,91,99]"
玉蝴蝶,辛弃疾,"[14,24,38,41,49,51,63,74,88,91,99]"
女冠子,康与之,"[4,10,14,26,39,51,59,69,73,82,95,107]"
女冠子,李邴,"[4,10,14,26,41,54,61,71,75,84,97,110]"
女冠子,柳永,"[4,11,18,31,41,54,76,87,98,111]"
女冠子,蒋捷,"[4,10,26,31,41,54,61,71,75,84,89,99,112]"
女冠子,柳永,"[4,10,17,29,35,42,54,71,88,94,101,113]"
女冠子,无名氏,"[4,11,53,65,73,83,87,98,111,124]"
中兴乐,牛希济,"[7,13,21,27,30,42]"
中兴乐,李珣,"[7,13,21,27,30,42,49,55,63,69,72,84]"
纱窗恨,毛文锡,"[1]"
醉花间,毛文锡,"[3,14,24,34,44]"
醉花间,冯延巳,"[7,12,22,27,32,37,50]"
点绛唇,苏轼,"[8,11,15,20,29,32,36,41]"
点绛唇,韩琦,"[12,16,21,31,34,38,43]"
平湖乐,张可久,"[7,32,67]"
平湖乐,王恽,"[7,32,58]"
归国遥,韦庄,"[3,10,16,21,27,32,38,43]"
归国遥,颜奎,"[4,9,15,20,26,31,37,42]"
浣溪沙,薛昭蕴,"[14,21,35,42]"
浣溪沙,孙光宪,"[7,14,21,35,44]"
浣溪沙,顾夐,"[7,14,23,37,46]"
浣溪沙,李煜,"[7,14,21,28,35,42]"
沙塞子,葛立方,"[6,13,24,31,38,49]"
沙塞子,周紫芝,"[7,14,25,32,39,50]"
沙塞子,赵彦端,"[6,13,24,31,38,49]"
殿前欢,张可久,"[3,10,26,31,59]"
水仙子,倪瓒,"[7,14,31,37,45,49]"
霜天晓角,辛弃疾,"[4,9,21,26,31,43]"
霜天晓角,赵师侠,"[4,9,15,21,26,31,37,43]"
霜天晓角,葛长庚,"[4,9,15,18,26,29,34,43]"
霜天晓角,程垓,"[5,10,22,27,32,44]"
霜天晓角,吴文英,"[5,10,22,24,27,32,44]"
霜天晓角,黄机,"[4,9,21,26,31,43]"
霜天晓角,蒋捷,"[4,9,21,23,26,31,43]"
霜天晓角,赵长卿,"[10,22,32,44]"
清商怨,周邦彦,"[6,11,20,26,33,42]"
清商怨,沈会宗,"[6,11,20,26,34,43]"
菩萨蛮,朱敦儒,"[1]"
菩萨蛮,楼扶,"[29,34,59,64]"
采桑子,李清照,"[11,24,35,48]"
采桑子,朱淑真,"[11,15,22,27,38,42,54]"
后庭花,孙光宪,"[7,11,18,22,30,35,42,46]"
后庭花,孙光宪,"[7,11,18,22,31,35,42,46]"
后庭花,张先,"[7,11,22,29,33,44]"
诉衷情令,欧阳修,"[7,12,24,30,33,45]"
诉衷情令,张元幹,"[7,12,24,30,33,45]"
卜算子,石孝友,"[5,10,22,27,32,44]"
卜算子,徐俯,"[10,22,27,32,45]"
卜算子,黄公度,"[10,23,33,45]"
卜算子,张先,"[10,23,28,33,46]"
卜算子,杜安世,"[5,10,23,28,33,46]"
卜算子,无名氏,"[10,22,32,46]"
一落索,吕渭老,"[6,10,22,28,32,45]"
一落索,毛滂,"[6,10,23,29,33,46]"
一落索,张先,"[7,11,24,30,34,47]"
一落索,秦观,"[6,11,24,30,35,48]"
一落索,严仁,"[6,11,25,31,35,48]"
一落索,陈凤仪,"[7,12,25,31,36,49]"
一落索,欧阳修,"[7,12,25,32,37,50]"
谒金门,孙光宪,"[3,9,16,21,27,33,40,45]"
谒金门,周必大,"[3,9,16,21,27,33,40,45]"
谒金门,程过,"[3,9,16,21,28,34,41,46]"
好事近,陆游,"[11,17,22,34,40,45]"
好女儿,晏几道,"[4,8,29,41,62]"
清平乐,赵长卿,"[4,9,16,22,28,34,46]"
清平乐,李白,"[4,9,16,22,34,40,46]"
忆秦娥,晁补之,"[3,10,13,21,28,35,38,46]"
忆秦娥,石孝友,"[3,10,24,38,52]"
忆秦娥,秦观,"[3,10,24,31,38,52]"
忆秦娥,倪瓒,"[3,10,18,25,32,40]"
忆秦娥,冯延巳,"[3,8,10,17,24,29,31,38]"
忆秦娥,张先,"[3,8,11,18,26,31,34,41]"
忆秦娥,毛滂,"[2,7,9,16,23,28,30,37]"
忆秦娥,贺铸,"[3,10,24,31,38,52]"
忆秦娥,颜奎,"[3,10,18,25,32,40]"
更漏子,韦庄,"[1]"
更漏子,贺铸,"[1]"
更漏子,欧阳炯,"[1]"
更漏子,孙光宪,"[1]"
更漏子,无名氏,"[1]"
更漏子,欧阳炯,"[13,20,25,31,37,44,49]"
更漏子,杜安世,"[4,13,27,38,51,57,66,80,91,104]"
巫山一段云,缥缈云间质,"[1]"
巫山一段云,毛文锡,"[10,17,22,32,39,44]"
忆少年,曹组,"[12,22,30,37,47]"
西地锦,石孝友,"[6,11,24,30,35,48]"
西地锦,无名氏,"[6,11,23,29,35,47]"
相思引,无名氏,"[6,12,19,24,31,37,44,49]"
相思引,无名氏,"[6,12,18,23,30,36,43,48]"
喜迁莺,冯延巳,"[11,18,23,29,35,42,47]"
喜迁莺,薛昭蕴,"[6,11,18,23,29,35,42,47]"
喜迁莺,南唐李煜,"[6,11,18,23,26,29,35,42,47]"
喜迁莺,毛文锡,"[6,11,18,23,29,35,47]"
喜迁莺,张元幹,"[6,11,18,23,33,40,45]"
喜迁莺,康与之,"[4,13,27,39,51,56,65,79,91,103]"
喜迁莺,蒋捷,"[4,13,27,39,51,68,82,94,106]"
喜迁莺,吴文英,"[4,13,27,39,51,53,56,65,79,91,103]"
喜迁莺,赵长卿,"[4,13,27,39,51,56,65,79,91,103]"
喜迁莺,史达祖,"[4,13,27,39,51,53,56,65,79,91,103]"
喜迁莺,姜夔,"[4,13,27,40,43,52,54,57,66,80,93,96,105]"
喜迁莺,无名氏,"[13,27,39,51,65,79,91,103]"
喜迁莺,江汉,"[4,13,27,39,51,53,56,65,79,91,103]"
喜迁莺,蔡伸,"[4,13,27,39,51,56,65,79,91,103]"
喜迁莺,无名氏,"[4,13,27,39,51,64,78,90,102]"
喜迁莺,无名氏,"[4,13,27,39,51,65,79,91,103]"
乌夜啼,赵令畤,"[12,24,36,48]"
乌夜啼,程垓,"[12,25,37,50]"
阮郎归,黄庭坚,"[7,12,19,24,30,42]"
贺圣朝,黄庭坚,"[7,11,23,27,35,47]"
贺圣朝,叶清臣,"[7,12,24,32,37,49]"
贺圣朝,赵师侠,"[7,12,24,37,49]"
贺圣朝,赵彦端,"[7,12,24,31,36,48]"
贺圣朝,杜安世,"[7,11,22,35,47]"
贺圣朝,杜安世,"[7,11,22,30,35,47]"
贺圣朝,无名氏,"[12,24,36]"
贺圣朝,无名氏,"[12,25,37,50]"
甘草子,柳永,"[2,11,21,28,35,42,47]"
画堂春,谢懋,"[7,12,19,23,35,42,46]"
画堂春,赵长卿,"[7,13,20,24,37,44,48]"
画堂春,黄庭坚,"[7,13,20,25,37,44,49]"
画堂春,赵长卿,"[7,13,20,24,31,38,45,49]"
三字令,向子諲,"[6,12,18,27,33,39,45,48,54]"
忆余杭,潘阆,"[18,23,30,37,44,49]"
秋蕊香,周邦彦,"[6,12,19,25,32,35,42,48]"
秋蕊香,赵以夫,"[14,24,32,38,49,64,72,80,86,97]"
胡捣练,晏几道,"[13,19,24,36,42,47]"
胡捣练,杜安世,"[14,20,25,39,45,50]"
桃源忆故人,王庭珪,"[7,13,19,24,31,38,44,49]"
庆金枝,张先,"[5,11,18,24,37,44,50]"
庆金枝,无名氏,"[5,11,18,24,31,37,44,50]"
烛影摇红,王诜,"[13,25,31,38,50]"
烛影摇红,周邦彦,"[11,23,29,36,48,59,71,77,84,96]"
朝中措,辛弃疾,"[7,12,24,31,36,48]"
朝中措,赵长卿,"[7,12,24,36,48]"
朝中措,蔡伸,"[7,12,24,37,49]"
眼儿媚,贺铸,"[7,12,24,36,48]"
眼儿媚,赵长卿,"[7,12,24,31,36,48]"
人月圆,杨无咎,"[12,24,36,48]"
人月圆,杨无咎,"[7,12,24,36,48]"
喜团圆,无名氏,"[12,24,36,48]"
海棠春,吴潜,"[7,14,24,32,38,48]"
海棠春,马庄父,"[7,13,23,30,36,46]"
武陵春,李清照,"[12,19,24,36,43,49]"
武陵春,万俟咏,"[13,21,27,34,40,48,54]"
东坡引,袁去华,"[5,10,17,22,30,37,44,49]"
东坡引,辛弃疾,"[5,10,17,22,36,42,49,54]"
东坡引,辛弃疾,"[5,10,17,22,35,42,49,54]"
阳台梦,解昉,"[1]"
月宫春,周邦彦,"[7,12,19,24,38,45,50]"
河渎神,张泌,"[5,11,18,24,37,49]"
归去来,柳永,"[5,12,19,25,32,39,46,52]"
柳梢青,刘镇,"[12,24,30,37,49]"
柳梢青,张雨,"[4,12,24,30,38,50]"
柳梢青,贺铸,"[4,12,24,37,49]"
柳梢青,蔡伸,"[12,24,37,49]"
柳梢青,赵彦端,"[4,12,24,30,37,49]"
柳梢青,吴瓘,"[12,24,38,50]"
柳梢青,无名氏,"[6,13,25,38,50]"
太常引,高观国,"[7,13,18,25,38,43,50]"
应天长,顾夐,"[7,14,20,27,32,38,44,49]"
应天长,冯延巳,"[7,14,17,20,27,32,38,44,49]"
应天长,毛文锡,"[7,14,21,28,33,39,45,50]"
应天长,柳永,"[5,14,24,29,36,47,52,61,71,76,83,86,94]"
应天长,叶梦得,"[14,24,36,47,52,61,71,83,94]"
应天长,无名氏,"[5,14,24,29,36,39,47,52,61,71,76,83,86,94]"
应天长,周邦彦,"[14,25,31,38,49,63,74,80,87,98]"
应天长,吴文英,"[14,25,31,38,49,54,63,74,80,87,98]"
应天长,康与之,"[14,25,28,31,38,49,54,63,74,77,80,87,98]"
应天长,王沂孙,"[14,20,25,31,38,49,63,69,74,80,87,98]"
应天长,陈允平,"[14,25,31,38,49,63,74,80,87,98]"
满宫花,张泌,"[6,12,25,32,38,51]"
少年游,李甲,"[12,25,37,50]"
少年游,柳永,"[7,12,25,38,51]"
少年游,柳永,"[7,13,26,39,52]"
少年游,周密,"[7,12,24,36,48]"
少年游,杜安世,"[7,12,25,37,44,50]"
少年游,向子諲,"[12,25,37,50]"
少年游,姜夔,"[13,26,38,51]"
少年游,韩淲,"[13,26,39,52]"
少年游,晏几道,"[13,26,39,52]"
少年游,杜安世,"[7,12,25,38,45,51]"
少年游,苏轼,"[13,26,38,51]"
少年游,晏几道,"[13,26,39,46,51]"
少年游,杨亿,"[13,26,39,46,52]"
少年游,晁补之,"[12,25,37,49]"
滴滴金,晏殊,"[7,13,20,25,32,38,45,50]"
滴滴金,杨无咎,"[7,13,20,25,32,38,50]"
滴滴金,孙道绚,"[7,13,25,32,39,51]"
忆汉月,柳永,"[6,12,25,36,50]"
忆汉月,杜安世,"[6,12,26,38,45,52]"
忆汉月,李遵勖,"[6,12,26,31,38,52]"
西江月,苏轼,"[17,24,52,59]"
西江月,吴文英,"[12,19,42,49]"
西江月,欧阳炯,"[1]"
西江月,赵以仁,"[12,19,28,40,47,56]"
惜春令,杜安世,"[19,31,48,60]"
留春令,李之仪,"[12,25,32,37,50]"
留春令,沈端节,"[12,25,32,38,52]"
留春令,黄庭坚,"[7,14,27,34,41,54]"
梁州令,晁补之,"[5,11,27,34,39,45,52]"
梁州令,柳永,"[5,11,27,34,39,55]"
梁州令,欧阳修,"[5,11,27,34,39,52,57,63,79,86,91,104]"
归田乐,蔡伸,"[7,13,25,32,38,50]"
归田乐,晏几道,"[5,12,17,26,33,38,46,55,64,71]"
归田乐,无名氏,"[5,12,17,22,36,41,49,58,63,77]"
归田乐,黄庭坚,"[5,17,22,34,39,46,55,60,72]"
惜分飞,刘弇,"[7,14,19,26,33,40,45,52]"
惜分飞,张先,"[7,14,20,27,34,41,47,54]"
惜分飞,无名氏,"[7,14,19,28,35,42,47,56]"
导引,无名氏,"[9,14,26,38,50]"
导引,无名氏,"[9,14,26,38,50,59,64,76,83,88,100]"
导引,无名氏,"[9,14,26,38,50,59,64,76,88,100]"
导引,无名氏,"[9,14,26,33,38,50,59,64,76,83,88,100]"
探春令,杨无咎,"[12,20,26,33,38,47,52]"
探春令,赵长卿,"[12,20,26,33,38,52]"
探春令,赵长卿,"[12,26,33,38,52]"
探春令,赵长卿,"[12,21,26,33,38,52]"
探春令,赵长卿,"[4,8,12,26,33,38,52]"
探春令,赵长卿,"[12,27,34,39,53]"
探春令,杨无咎,"[12,20,26,33,38,46,52]"
探春令,晏几道,"[12,20,26,33,38,52]"
探春令,无名氏,"[12,26,33,38,52]"
探春令,赵长卿,"[7,12,20,26,33,38,47,52]"
越江吟,苏轼,"[4,7,9,15,18,22,25,32,35,41,44,48,51]"
燕归梁,史达祖,"[7,12,19,25,38,45,51]"
燕归梁,柳永,"[7,11,18,24,37,44,50]"
燕归梁,柳永,"[7,13,20,26,39,46,52]"
雨中花令,毛滂,"[6,12,24,31,37,51]"
雨中花令,欧阳修,"[6,12,25,32,38,52]"
雨中花令,毛滂,"[6,12,25,32,39,52]"
雨中花令,赵长卿,"[7,13,26,33,39,52]"
雨中花令,程垓,"[7,14,27,34,41,54]"
雨中花令,贺铸,"[7,14,27,35,42,55]"
雨中花令,杨无咎,"[7,14,27,34,41,54]"
雨中花令,赵长卿,"[6,13,26,33,40,53]"
雨中花令,王观,"[7,14,28,35,42,56]"
雨中花令,张先,"[7,14,22,29,37,45,54,61]"
雨中花令,周紫芝,"[11,23,35,46,58,70]"
迎春乐,晏殊,"[7,13,21,27,35,42,53]"
迎春乐,秦观,"[7,13,20,26,33,40,51]"
迎春乐,杨无咎,"[7,13,20,26,33,40,51]"
迎春乐,贺铸,"[7,13,20,26,33,40,51]"
迎春乐,无名氏,"[7,13,26,33,40,51]"
迎春乐,周邦彦,"[7,13,21,27,34,41,52]"
菊花新,杜安世,"[7,14,19,26,33,40,52]"
品令,赵长卿,"[3,12,25,38,51]"
品令,周邦彦,"[4,11,18,27,34,39,46,50,55]"
品令,陈允平,"[4,11,18,27,34,39,46,55]"
品令,王行,"[4,11,18,22,27,34,39,46,50,55]"
品令,无名氏,"[4,10,22,32,36,42,54,64]"
品令,周紫芝,"[4,10,22,32,36,42,54,64]"
品令,曾纡,"[4,9,21,31,35,41,53,63]"
品令,卓田,"[10,20,30,40,50,60]"
品令,李清照,"[5,11,23,33,37,43,55,65]"
品令,黄庭坚,"[5,11,23,27,34,38,44,56,60,66]"
品令,黄庭坚,"[5,11,23,33,37,43,55,65]"
引驾行,柳永,"[11,23,25,37,50,52,62,75,77,89,100]"
引驾行,晁补之,"[11,23,25,37,50,52,62,75,77,89,100]"
引驾行,柳永,"[23,25,48,50,62,74,76,86,99,101,113,125]"
恨来迟,无名氏,"[12,25,33,40,53]"
红窗迥,欧良,"[3,6,15,21,26,33,42,48,53]"
折桂令,张可久,"[6,14,26,32,38,50]"
折桂令,张可久,"[7,15,27,52,56,60,68]"
折桂令,白无咎,"[13,22,33,41,54,67,80,88,100]"
临江仙,张泌,"[13,20,29,42,49,58]"
临江仙,牛希济,"[7,13,20,29,42,49,58]"
临江仙,南唐李煜,"[13,20,29,42,49,58]"
临江仙,顾夐,"[13,20,30,43,50,60]"
临江仙,徐昌图,"[12,19,29,41,48,58]"
临江仙,向子諲,"[12,19,28,40,47,56]"
临江仙,贺铸,"[13,20,30,43,50,60]"
临江仙,晏几道,"[14,21,31,45,52,62]"
临江仙,冯延巳,"[13,20,30,43,50,59]"
临江仙,王观,"[13,20,30,43,50,59]"
浪淘沙令,杜安世,"[4,8,15,26,31,35,42,53]"
浪淘沙令,杜安世,"[4,8,15,27,32,36,43,55]"
浪淘沙令,柳永,"[4,8,15,26,30,34,41,52]"
浪淘沙令,宋祁,"[4,8,15,26,33,37,44,54]"
浪淘沙令,杜安世,"[4,8,27,32,36,50,55]"
金错刀,冯延巳,"[6,13,32,38,45,64]"
金错刀,叶李,"[3,14,28,31,42,56]"
端正好,杨无咎,"[7,14,21,27,34,41,48,54]"
杏花天,侯寘,"[7,14,21,28,35,42,49,55]"
杏花天,卢炳,"[7,14,21,28,35,42,49,56]"
恋绣衾,周密,"[7,14,27,41,54]"
恋绣衾,辛弃疾,"[7,14,28,42,55]"
恋绣衾,韩淲,"[7,14,27,42,55]"
恋绣衾,赵汝茪,"[7,14,28,42,56]"
撷芳词,史达祖,"[3,6,13,16,19,27,30,33,40,43,46,54]"
撷芳词,吕渭老,"[3,6,13,16,19,27,30,33,40,43,46,54]"
撷芳词,程垓,"[3,6,13,16,19,27,30,33,40,43,46,54]"
撷芳词,宋媛唐氏,"[3,6,13,16,19,27,30,33,40,43,46,54]"
一七令,韦式,"[4,10,18,28,34,40,54]"
一七令,张南史,"[4,10,18,28,40,54]"
河传,孙光宪,"[2,4,8,12,19,21,26,33,36,41,44,47,49,54]"
河传,棹举,"[2,4,12,19,21,26,33,36,41,44,47,49,54]"
河传,春水,"[2,4,8,12,19,21,26,33,36,41,44,47,49,54]"
河传,后段六句三仄韵、三平韵张泌,"[2,11,15,22,24,27,34,37,42,49,51,56]"
河传,后段六句三仄韵、三平韵阎选,"[2,15,22,24,27,34,37,42,49,51,56]"
河传,韦庄,"[2,4,8,12,22,25,32,35,40,44,50,53]"
河传,海宇,"[4,8,12,22,25,32,35,40]"
河传,帝里,"[4,8,12,16,22,25,32,35,40]"
河传,小院,"[4,8,16,22,25,32,35,40,50,53]"
河传,陆游,"[4,8,16,22,25,32,36,41,51,54]"
河传,陆游,"[8,16,22,25,32,36,41,51,54]"
河传,黄昇,"[2,4,8,16,22,25,32,36,41,51,54]"
河传,李珣,"[2,4,8,12,16,22,27,34,37,42,52,55]"
河传,孙光宪,"[2,4,8,12,22,27,34,37,42,45,53,58]"
河传,顾夐,"[2,4,12,20,25,32,35,40,43,46,48,53]"
河传,顾夐,"[4,12,21,26,33,36,41,44,47,49,54]"
河传,孙光宪,"[4,8,12,21,26,33,36,41,44,47,49,54]"
河传,孙光宪,"[4,8,12,18,20,25,32,35,40,43,46,48,53]"
河传,张泌,"[4,12,20,25,32,35,40,46,51]"
河传,柳永,"[2,4,12,22,27,34,37,42,52,57]"
河传,柳永,"[4,12,22,27,34,37,42,52,57]"
河传,徐昌图,"[4,12,28,35,39,44,60]"
河传,吕渭老,"[4,9,13,23,29,36,45,55,61]"
河传,黄庭坚,"[4,13,29,36,45,55,61]"
河传,无名氏,"[4,11,21,27,34,43,59]"
望远行,李珣,"[7,13,20,27,33,39,46,53]"
望远行,韦庄,"[7,12,19,24,27,30,36,43,50,55,60]"
望远行,无名氏,"[10,20,31,39,49,59,70,78]"
望远行,柳永,"[13,27,43,53,55,61,68,82,98,107]"
望远行,柳永,"[13,27,43,52,54,67,81,97,106]"
望远行,无名氏,"[4,13,27,43,52,54,67,81,97,106]"
木兰花令,毛熙震,"[6,13,26,32,39,52]"
木兰花令,魏承班,"[6,13,26,33,40,54]"
芳草渡,张先,"[7,13,20,29,35,41,48,57]"
芳草渡,周邦彦,"[12,23,28,33,44,46,57,69,80,89]"
芳草渡,陈允平,"[12,23,28,33,44,55,67,78,87]"
夜行船,毛滂,"[6,13,27,34,41,55]"
夜行船,史达祖,"[7,14,28,35,42,56]"
夜行船,周密,"[7,14,28,35,42,56]"
夜行船,赵长卿,"[7,14,28,35,42,50,56]"
夜行船,赵长卿,"[7,14,29,36,43,58]"
夜行船,杨无咎,"[7,14,28,35,42,56]"
夜行船,王嵎,"[7,14,28,35,42,58]"
夜行船,杨无咎,"[6,13,27,34,41,55]"
夜行船,孙浩然,"[6,13,27,34,41,49,55]"
夜行船,杨无咎,"[6,13,27,35,56]"
金凤钩,晁补之,"[6,13,26,33,40,54]"
虞美人,张炎,"[7,12,19,28,35,40,47,56]"
虞美人,冯延巳,"[7,12,19,28,35,40,47,56]"
虞美人,毛文锡,"[7,12,19,29,36,41,48,55,58]"
虞美人,晁补之,"[7,12,19,26,29,36,41,48,55,58]"
虞美人,顾夐,"[7,12,19,26,29,36,41,48,55,58]"
瑞鹧鸪,贺铸,"[7,14,28,42,56]"
瑞鹧鸪,柳永,"[7,14,30,43,57,64]"
瑞鹧鸪,无名氏,"[7,14,30,43,57,64]"
瑞鹧鸪,柳永,"[4,13,21,32,43,48,57,66,77,88]"
瑞鹧鸪,柳永,"[4,13,21,32,42,47,56,64,75,86]"
玉楼春,顾夐,"[7,14,28,42,56]"
玉楼春,牛峤,"[7,14,28,35,42,56]"
玉楼春,南唐李煜,"[7,14,28,35,42,56]"
凤衔杯,柳永,"[7,14,26,32,38,45,57,63]"
凤衔杯,杜安世,"[7,14,23,29,35,42,51,57]"
鹊桥仙,卢炳,"[8,14,28,36,42,49,56]"
鹊桥仙,辛弃疾,"[4,8,14,28,32,36,42,56]"
鹊桥仙,辛弃疾,"[14,29,43,58]"
鹊桥仙,黄庭坚,"[15,29,43,57]"
鹊桥仙,方岳,"[8,15,29,37,44,58]"
鹊桥仙,柳永,"[13,23,34,46,52,59,68,74,79,83,88]"
茶瓶儿,赵彦端,"[6,13,20,27,33,40,47,54]"
茶瓶儿,石孝友,"[6,13,20,27,30,43,50,57]"
卓牌子,万俟咏,"[12,28,40,57,61,68,72,77,90,92,97]"
卓牌子,无名氏,"[11,27,39,53,57,64,73,86,88,93]"
厅前柳,朱雍,"[12,20,26,41,49,55]"
厅前柳,朱雍,"[12,20,26,40,48,54]"
一斛珠,张先,"[4,11,18,27,34,41,48,57]"
一斛珠,周邦彦,"[4,11,18,27,34,41,48,57]"
夜游宫,贺铸,"[6,13,20,29,34,41,48,57]"
梅花引,万俟咏,"[3,6,13,16,31,38,45,48,63]"
梅花引,贺铸,"[3,6,13,16,19,28,35,42,45,48,57,60,63,70,73,76,85,92,99,102,105,114]"
梅花引,无名氏,"[3,6,13,16,31,34,37,44,47,50,59,66,73,76,91,98,105,108,111,120]"
小重山,赵长卿,"[7,15,22,31,36,44,51,60]"
小重山,无名氏,"[7,14,21,29,34,42,49,57]"
小重山,黄子行,"[7,15,22,30,35,43,50,58]"
踏莎行,曾觌,"[8,16,25,33,41,49,58,66]"
踏莎行,陈亮,"[8,16,24,32,40,48,56,64]"
宜男草,范成大,"[7,14,30,37,44,60]"
接贤宾,柳永,"[11,21,33,47,58,65,70,80,92,106,117]"
步蟾宫,杨无咎,"[7,14,29,36,43,58]"
步蟾宫,蒋捷,"[7,14,28,35,42,56]"
步蟾宫,汪存,"[7,14,28,35,41,55]"
步蟾宫,无名氏,"[7,14,28,35,42,57]"
冉冉云,韩淲,"[7,14,30,37,44,53,59]"
蝶恋花,沈会宗,"[7,16,23,30,37,46,53,60]"
蝶恋花,石孝友,"[16,30,37,46,53,60]"
七娘子,蔡伸,"[7,14,22,29,36,43,51,58]"
七娘子,无名氏,"[15,23,30,37,45,53,60]"
一剪梅,吴文英,"[7,15,22,30,37,45,52,60]"
一剪梅,卢炳,"[7,15,22,26,30,37,45,52,56,60]"
一剪梅,张炎,"[7,11,22,26,37,41,52,56]"
一剪梅,蒋捷,"[7,11,15,22,26,30,37,41,45,52,56,60]"
一剪梅,曹勋,"[7,14,29,36,43,58]"
一剪梅,赵长卿,"[7,15,29,36,44,59]"
锦帐春,程珌,"[8,15,30,38,45,60]"
锦帐春,戴复古,"[8,15,25,29,37,44,54,58]"
锦帐春,邱崈,"[8,15,24,28,36,43,52,56]"
唐多令,吴文英,"[5,10,18,31,36,41,48,61]"
唐多令,周密,"[5,10,18,31,36,41,49,62]"
贺熙朝,欧阳炯,"[7,15,27,31,38,48,53,61]"
拨棹子,黄庭坚,"[36,39,42,50,57,62,67]"
拨棹子,无名氏,"[6,15,30,38,47,62]"
系裙腰,刘儗,"[7,10,13,19,25,28,38,44,50,56]"
系裙腰,宋媛魏氏,"[7,13,20,29,36,42,49,58]"
定风波,孙光宪,"[1]"
定风波,蔡伸,"[1]"
定风波,李泳,"[1]"
定风波,曹冠,"[1]"
定风波,苏轼,"[7,14,30,46,62]"
定风波,京镗,"[7,14,30,46,62]"
定风波,陈允平,"[7,14,30,44,60]"
金蕉叶,袁去华,"[4,11,18,23,29,36,43,48]"
金蕉叶,袁去华,"[4,11,17,22,28,35,41,46]"
金蕉叶,蒋捷,"[4,11,17,22,28,35,46]"
渔家傲,周紫芝,"[7,14,21,34,41,48,55,68]"
渔家傲,杜安世,"[7,14,38,45]"
渔家傲,蔡伸,"[7,16,23,26,33,40,49,56,59,66]"
摊破南乡子,赵长卿,"[5,12,31,36,43,62]"
献衷心,顾夐,"[10,16,26,35,43,51,60,69]"
握金钗,无名氏,"[10,17,24,32,42,49,56,64]"
侍香金童,蔡伸,"[9,17,24,32,42,49,56,64]"
侍香金童,赵长卿,"[9,17,24,32,42,50,57,65]"
淡黄柳,张炎,"[4,9,16,22,29,32,37,43,65]"
淡黄柳,王沂孙,"[4,9,16,29,32,37,43,65]"
锦缠道,无名氏,"[10,17,24,33,42,49,67]"
锦缠道,江衍,"[10,17,33,43,50,66]"
庆春泽,无名氏,"[12,21,35,48,62,71,85,98]"
行香子,苏轼,"[4,8,15,23,33,48,56,66]"
行香子,苏轼,"[4,8,15,23,33,41,48,56,66]"
行香子,秦观,"[4,8,15,23,33,37,41,48,56,66]"
行香子,韩玉,"[8,15,23,33,37,41,48,56,66]"
行香子,杜安世,"[8,15,25,34,42,49,59,68]"
行香子,赵长卿,"[4,8,15,23,32,36,40,47,55,64]"
行香子,李清照,"[4,8,15,23,33,48,56,69]"
解佩令,许冲元,"[8,15,26,33,41,48,59,66]"
解佩令,王庭珪,"[8,15,26,33,37,41,48,59,66]"
解佩令,史达祖,"[4,8,15,26,33,37,52,63,70]"
解佩令,蒋捷,"[4,31,38,42,46,53,64,71]"
垂丝钓,杨无咎,"[4,10,18,21,26,29,34,44,48,53,58,61,66]"
垂丝钓,吴文英,"[10,18,21,26,29,34,44,48,53,58,61,66]"
垂丝钓,袁去华,"[4,10,19,22,27,30,45,49,54,59,62,67]"
谢池春,刘因,"[10,17,21,25,32,42,49,53,57,64]"
谢池春,无名氏,"[8,15,24,31,41,48,57,64]"
胜胜令,俞克成,"[8,15,25,32,36,42,49,56,59,66]"
青玉案,苏轼,"[7,13,20,33,40,47,54,67]"
青玉案,李弥逊,"[7,13,20,33,40,48,55,68]"
青玉案,毛滂,"[7,13,20,33,40,46,53,66]"
青玉案,史达祖,"[7,13,20,33,40,46,53,61,66]"
青玉案,张炎,"[7,13,20,24,36,43,49,56,60,72]"
青玉案,吴潜,"[7,14,21,34,41,48,55,68]"
青玉案,胡铨,"[7,14,21,34,41,49,56,69]"
青玉案,李清照,"[7,13,20,33,40,47,54,67]"
青玉案,曹组,"[7,13,20,33,40,48,55,68]"
青玉案,毛滂,"[7,13,20,27,33,40,48,55,62,68]"
青玉案,赵长卿,"[7,12,19,27,32,39,46,53,61,66]"
青玉案,赵长卿,"[7,14,21,34,41,48,55,68]"
感皇恩,晁冲之,"[9,14,16,26,34,42,47,49,59,67]"
感皇恩,贺铸,"[9,14,16,26,31,34,42,47,49,59,64,67]"
感皇恩,周邦彦,"[9,16,26,34,42,49,59,68]"
感皇恩,周紫芝,"[9,16,26,34,43,50,60,68]"
感皇恩,赵长卿,"[9,16,26,33,41,48,58,65]"
感皇恩,汪莘,"[8,15,25,33,41,48,58,66]"
凤凰阁,叶清臣,"[9,16,26,33,43,50,60,67]"
凤凰阁,赵师侠,"[9,16,26,33,43,50,60,67]"
看花回,柳永,"[7,11,25,34,41,45,58,67]"
看花回,黄庭坚,"[10,25,36,50,57,64,79,90,101]"
看花回,周邦彦,"[10,25,36,50,57,64,79,90,101]"
看花回,蔡伸,"[10,25,36,50,57,64,79,90,101]"
看花回,赵彦端,"[2,11,17,26,37,51,58,65,80,91,103]"
看花回,赵彦端,"[2,11,17,26,37,51,58,65,80,91,104]"
看花回,赵彦端,"[11,17,26,37,51,58,65,80,91,104]"
殢人娇,杨无咎,"[10,17,26,35,43,50,59,68]"
殢人娇,王庭珪,"[10,17,26,35,42,49,58,67]"
殢人娇,张智宗,"[8,15,24,33,41,48,57,66]"
殢人娇,毛滂,"[8,15,23,32,40,47,55,64]"
两同心,杨无咎,"[8,22,25,33,39,43,57,60,68]"
两同心,柳永,"[4,25,28,36,42,46,60,63,71]"
两同心,晏几道,"[8,22,33,39,43,57,68]"
两同心,黄庭坚,"[4,8,22,33,39,43,57,68]"
两同心,杜安世,"[9,16,23,35,41,58,82]"
连理枝,邵叔齐,"[5,10,23,36,41,46,59,72]"
月上海棠,段克己,"[7,15,27,36,43,51,63,72]"
月上海棠,段克己,"[7,14,25,34,41,49,61,70]"
月上海棠,姜夔,"[13,22,35,46,48,60,69,82,91]"
月上海棠,陈允平,"[13,22,35,46,48,60,69,82,91]"
惜黄花,许冲元,"[4,8,18,28,35,43,53,63,70]"
西施,柳永,"[7,12,22,36,49,59,73]"
小镇西犯,柳永,"[9,16,19,38,41,50,57,60,79]"
小镇西犯,蔡伸,"[9,16,19,32,38,41,50,57,60,73,79]"
千秋岁,周紫芝,"[4,9,15,25,28,35,40,45,51,61,64,71]"
千秋岁,石孝友,"[4,9,12,15,25,28,35,40,45,48,51,61,64,71]"
千秋岁,叶梦得,"[9,15,25,28,35,40,45,51,61,64,71]"
千秋岁,晁补之,"[9,15,25,35,45,51,61,71]"
千秋岁,欧阳修,"[4,9,16,26,36,41,46,52,62,72]"
千秋岁,叶梦得,"[4,9,16,26,29,36,41,46,52,62,65,72]"
千秋岁,无名氏,"[4,9,16,26,36,46,52,62,72]"
惜奴娇,史达祖,"[10,17,27,29,36,46,53,63,65,72]"
惜奴娇,无名氏,"[9,16,26,35,45,52,62,71]"
惜奴娇,无名氏,"[4,10,16,22,32,34,41,45,49,55,61,71,73,80]"
惜奴娇,无名氏,"[6,13,27,38,45,50,52,57,65,79,90,97,102]"
三登乐,罗子衎,"[17,28,36,41,52,63,72]"
忆帝京,黄庭坚,"[7,13,24,35,42,49,56,65,70,76]"
于飞乐,张先,"[10,17,27,38,45,52,62,73]"
于飞乐,毛滂,"[10,17,27,38,48,55,65,76]"
撼庭竹,王诜,"[7,12,19,26,36,48,55,62,72]"
粉蝶儿,曹冠,"[10,17,27,36,46,53,63,72]"
隔浦莲近拍,赵彦端,"[6,11,22,27,30,35,38,48,58,65,67,73]"
隔浦莲近拍,吴文英,"[6,11,22,27,35,38,48,58,65,67,73]"
隔浦莲近拍,陆游,"[6,11,22,27,35,38,48,58,65,67,73]"
隔浦莲近拍,彭元逊,"[6,11,16,22,27,35,38,48,58,65,73]"
临江仙引,柳永,"[2,4,10,16,26,39,52,62,74]"
碧牡丹,程垓,"[5,11,21,30,36,39,44,50,60,69,75]"
风入松,赵彦端,"[7,11,24,36,43,47,60,72]"
风入松,康与之,"[7,11,24,36,43,47,61,73]"
风入松,吴文英,"[7,12,26,38,45,50,64,76]"
传言玉女,曾觌,"[10,19,29,37,47,56,66,74]"
传言玉女,《乐府雅词》袁裪,"[10,19,29,37,46,55,65,73]"
剔银灯,毛滂,"[6,12,26,30,37,43,49,63,67,74]"
剔银灯,杜安世,"[6,13,27,31,38,44,51,65,69,76]"
剔银灯,范仲淹,"[6,13,27,39,45,52,66,78]"
剔银灯,衷长吉,"[7,13,28,32,39,46,52,67,71,78]"
长生乐,晏殊,"[12,21,31,42,50,57,64,75]"
诉衷情近,柳永,"[22,37,40,46,55,58,70,75]"
诉衷情近,晁补之,"[10,22,37,40,46,55,58,70,75]"
下水船,贺铸,"[5,11,21,24,30,36,39,44,50,54,60,63,69,75]"
下水船,晁补之,"[5,11,21,36,50,60,69,75]"
下水船,晁补之,"[5,11,21,24,30,36,44,61,64,70,76]"
解蹀躞,杨无咎,"[6,11,20,36,39,45,50,59,75]"
解蹀躞,吴文英,"[11,20,36,39,50,59,75]"
解蹀躞,方千里,"[11,20,36,39,45,50,59,75]"
解蹀躞,曹勋,"[11,20,36,39,45,50,59,75]"
解蹀躞,杨无咎,"[11,20,36,39,45,50,59,75]"
扑蝴蝶,赵师侠,"[9,18,30,36,39,48,57,69,75]"
扑蝴蝶,邵叔齐,"[9,18,30,36,39,50,59,71,77]"
扑蝴蝶,丘崈,"[4,9,13,18,30,36,39,50,59,71,77]"
千年调,曹组,"[10,20,29,38,47,57,66,77]"
荔枝香,周邦彦,"[9,20,31,39,48,58,69,75]"
荔枝香,方千里,"[6,9,20,31,40,49,59,70,76]"
荔枝香,杨泽民,"[6,9,20,31,33,40,43,49,59,70,76]"
荔枝香,陈允平,"[9,20,31,40,49,59,70,76]"
荔枝香,吴文英,"[9,20,31,40,43,49,59,70]"
荔枝香,吴文英,"[9,20,31,40,49,59,70,76]"
荔枝香,周邦彦,"[9,29,37,46,56,67,73]"
荔枝香,杨泽民,"[9,29,31,37,46,56,67,73]"
荔枝香,陈允平,"[9,29,37,46,56,67,73]"
婆罗门引,李俊民,"[11,17,28,37,47,57,69,76]"
婆罗门引,吴文英,"[11,17,28,37,47,57,61,69,76]"
婆罗门引,无名氏,"[11,18,29,38,42,48,58,69,76]"
御街行,张先,"[7,13,26,39,46,51,64,77]"
御街行,范钟淹,"[7,13,26,39,46,52,65,77]"
御街行,高观国,"[7,13,27,41,48,54,68,81]"
御街行,无名氏,"[7,13,20,26,39,46,52,65,80]"
祝英台近,史达祖,"[11,20,30,37,40,51,60,77]"
祝英台近,韩淲,"[11,20,37,40,51,60,70,77]"
祝英台近,张炎,"[11,20,30,37,40,51,60,70,77]"
祝英台近,刘过,"[6,11,20,37,40,51,60,77]"
祝英台近,辛弃疾,"[6,11,20,37,40,51,60,70,77]"
祝英台近,岳珂,"[6,11,20,30,37,40,51,60,70,77]"
祝英台近,陈允平,"[11,20,37,40,51,60,77]"
四园竹,杨泽民,"[9,21,42,45,57,71,87]"
四园竹,陈允平,"[9,21,42,45,57,87]"
侧犯,姜夔,"[4,11,13,21,31,33,41,50,53,61,69,77]"
侧犯,方千里,"[11,13,21,31,33,41,50,53,61,69,71,77]"
侧犯,陈允平,"[11,13,21,31,41,50,53,60,68,76]"
离亭宴,张昇,"[6,12,25,36,42,48,61,72]"
山亭柳,杜安世,"[8,14,25,36,43,50,56,67,79]"
金人捧露盘,程垓,"[9,16,27,38,50,57,68,79]"
金人捧露盘,辛弃疾,"[9,16,27,37,49,56,67,78]"
金人捧露盘,辛弃疾,"[3,9,16,27,37,49,56,67,78]"
金人捧露盘,贺铸,"[3,9,16,28,39,51,58,70,81]"
过涧歇,晁补之,"[2,25,36,46,57,66,85]"
过涧歇,柳永,"[2,11,17,20,36,41,52,61,69,80]"
安公子,柳永,"[5,12,24,34,42,53,58,65,77,87,95,106]"
安公子,袁去华,"[5,12,24,34,42,53,58,65,77,87,95,106]"
安公子,晁补之,"[5,12,23,33,41,52,57,64,75,85,93,104]"
安公子,杜安世,"[5,12,23,30,33,41,53,58,65,76,83,86,94,106]"
安公子,陆游,"[5,12,23,32,40,51,56,63,74,83,91,102]"
柳初新,无名氏,"[7,13,27,34,41,47,54,68,75,82]"
斗百花,柳永,"[24,40,45,55,65,81]"
斗百花,晁补之,"[6,12,18,24,40,45,55,65,81]"
最高楼,方岳,"[8,13,29,38,46,54,60,76,85]"
最高楼,元好问,"[8,13,27,36,44,51,57,71,80]"
最高楼,司马昂父,"[9,14,29,38,46,54,60,74,83]"
最高楼,毛滂,"[8,14,28,37,45,53,59,73,82]"
最高楼,陈亮,"[8,14,28,37,69,83,92]"
最高楼,毛滂,"[8,14,28,37,59,73,82]"
最高楼,程垓,"[9,15,29,38,46,54,60,74,83]"
最高楼,无名氏,"[9,15,29,38,54,60,74,83]"
最高楼,柳富,"[9,15,29,38,43,56,69,78]"
最高楼,无名氏,"[8,15,29,38,45,52,59,73,82]"
倒垂柳,杨无咎,"[5,11,21,31,42,46,53,63,72,81]"
拂霓裳,晏殊,"[3,11,21,31,42,52,55,62,72,75,83]"
蓦山溪,姜夔,"[4,9,21,41,50,62,82]"
蓦山溪,张震,"[9,21,41,45,50,62,82]"
蓦山溪,张震,"[4,9,21,41,45,50,62,82]"
蓦山溪,易祓,"[9,21,36,41,50,62,77,82]"
蓦山溪,周邦彦,"[9,21,33,36,41,50,62,74,77,82]"
蓦山溪,贺铸,"[4,9,21,36,41,50,62,77,82]"
蓦山溪,万俟咏,"[4,9,21,36,41,45,50,62,77,82]"
蓦山溪,黄庭坚,"[9,21,33,36,41,45,50,62,74,77,82]"
蓦山溪,晁端礼,"[4,9,21,33,36,41,50,62,74,77,82]"
蓦山溪,石孝友,"[4,9,21,33,36,41,45,50,62,74,77,82]"
蓦山溪,欧阳修,"[9,21,41,50,62,74,77,82]"
蓦山溪,陆游,"[9,22,42,51,63,83]"
千秋岁引,李冠,"[8,15,30,39,46,53,60,75,84]"
千秋岁引,无名氏,"[9,16,23,30,39,47,55,62,69,76,79,88]"
千秋岁引,无名氏,"[9,17,32,41,48,55,63,83,92]"
早梅芳,李之仪,"[8,13,24,34,42,48,53,64,74,82]"
早梅芳,无名氏,"[6,11,22,32,42,48,53,64,74,82]"
新荷叶,赵彦端,"[10,20,31,41,45,51,61,72,82]"
新荷叶,赵抃,"[10,20,31,41,51,61,72,82]"
新荷叶,赵长卿,"[10,20,31,41,51,61,72,82]"
长寿乐,柳永,"[4,13,27,39,57,60,69,83,95,113]"
迷仙引,春阴霁,"[3,11,18,21,30,38,50,54,67,72,78,89,95,103,106,114,122]"
促拍花满路,廖行之,"[10,17,26,41,50,57,66,81]"
促拍花满路,吕渭老,"[10,18,27,36,42,51,59,68,77,83]"
促拍花满路,无名氏,"[10,18,27,42,49,54,62,71,86]"
促拍花满路,赵师侠,"[10,18,27,42,49,54,62,71,80,86]"
促拍花满路,曹勋,"[10,18,27,42,49,54,62,71,87]"
促拍花满路,秦观,"[5,10,18,27,32,42,46,51,59,68,73,83]"
促拍花满路,周邦彦,"[10,18,27,32,42,51,59,68,73,83]"
促拍花满路,袁去华,"[5,10,18,28,33,43,51,56,62,72,86]"
促拍花满路,辛弃疾,"[5,10,18,28,33,44,51,56,64,74,79,90]"
促拍花满路,牛真人,"[5,11,19,28,43,48,54,62,72,88]"
洞仙歌,葛郯,"[4,9,16,34,50,66,83]"
洞仙歌,张炎,"[9,16,33,38,49,65,82]"
洞仙歌,辛弃疾,"[9,16,34,50,66,83]"
洞仙歌,汪元量,"[4,9,16,34,39,50,59,66,83]"
洞仙歌,刘一止,"[9,16,33,49,65,82]"
洞仙歌,赵长卿,"[9,16,34,39,50,66,83]"
洞仙歌,京镗,"[9,16,34,50,65,82]"
洞仙歌,吴文英,"[9,16,34,50,65,82]"
洞仙歌,晏几道,"[9,16,34,50,67,84]"
洞仙歌,李元膺,"[9,16,28,34,50,67,84]"
洞仙歌,无名氏,"[9,16,22,35,40,51,67,84]"
洞仙歌,黄裳,"[9,16,34,50,66,84]"
洞仙歌,周紫芝,"[9,16,35,51,67,84]"
洞仙歌,晁补之,"[9,16,34,50,67,84]"
洞仙歌,阮阅,"[9,16,33,49,67,84]"
洞仙歌,京镗,"[9,16,34,50,68,85]"
洞仙歌,刘子寰,"[9,16,34,39,50,68,85]"
洞仙歌,卢祖皋,"[4,9,16,34,39,50,68,85]"
洞仙歌,李元膺,"[9,16,28,34,50,62,68,85]"
洞仙歌,无名氏,"[4,9,16,28,34,50,62,68,85]"
洞仙歌,晁补之,"[4,9,16,28,34,39,50,62,68,85]"
洞仙歌,李邴,"[9,16,35,51,68,85]"
洞仙歌,无名氏,"[9,16,25,28,34,49,68,85]"
洞仙歌,黄庭坚,"[9,16,35,51,68,85]"
洞仙歌,晁补之,"[9,16,34,50,68,85]"
洞仙歌,吴文英,"[9,16,34,50,69,86]"
洞仙歌,蔡伸,"[4,9,16,35,51,69,86]"
洞仙歌,林外,"[9,16,34,38,43,50,69,86]"
洞仙歌,无名氏,"[9,16,35,51,69,86]"
洞仙歌,赵长卿,"[9,16,34,50,69,86]"
洞仙歌,康与之,"[4,9,16,35,51,70,87]"
洞仙歌,赵长卿,"[9,16,36,40,45,52,71,88]"
洞仙歌,潘牥,"[9,16,35,51,71,88]"
洞仙歌,无名氏,"[9,16,23,30,47,62,76,93]"
洞仙歌,柳永,"[13,22,29,38,47,49,72,79,89,98,102,108,111,118]"
洞仙歌,柳永,"[12,22,40,49,51,61,75,93,102,106,113,123]"
洞仙歌,柳永,"[5,14,23,30,38,41,51,53,77,84,92,95,105,108,114,126]"
洞仙歌,晁补之,"[12,22,40,49,78,96,105,109,116,119,126]"
洞仙歌,晁补之,"[4,13,23,41,50,52,76,94,103,107,111,114,117,124]"
踏歌,无名氏,"[2,10,18,26,28,36,44,52,59,67,77,84]"
秋夜月,柳永,"[4,13,23,35,41,45,55,65,75,83]"
祭天神,柳永,"[8,21,32,45,57,68,85]"
鹤冲天,杜安世,"[4,9,17,28,33,43,52,60,71,76,86]"
鹤冲天,柳永,"[4,9,17,28,33,43,53,61,73,78,88]"
踏青游,陈济翁,"[10,17,27,30,42,52,59,69,84]"
踏青游,王诜,"[10,17,27,42,52,59,69,84]"
踏青游,无名氏,"[10,17,26,29,35,41,51,58,68,71,83]"
梦玉人引,李甲,"[10,20,32,41,53,63,72,84]"
梦玉人引,朱敦儒,"[10,20,32,41,53,63,72,84]"
梦玉人引,范成大,"[10,20,33,42,54,64,73,85]"
梦玉人引,吕渭老,"[10,20,31,40,52,62,72,82]"
清波引,张炎,"[4,11,15,20,25,31,43,47,53,57,62,67,73,83]"
离别难,柳永,"[11,18,26,41,55,61,68,98,112]"
江城梅花引,赵汝茪,"[7,10,26,42,44,53,56,67,74,83,99]"
江城梅花引,蒋捷,"[7,10,26,42,54,57,60,71,80,96]"
江城梅花引,吴文英,"[7,10,13,22,32,38,45,48,51,62,71,81,87]"
江城梅花引,周密,"[7,10,13,22,38,45,51,62,71,87]"
江城梅花引,王观,"[7,10,13,22,38,77,86,102]"
江城梅花引,周密,"[7,10,13,22,38,72,81,97]"
江城梅花引,李献能,"[7,10,13,22,37,55,66,75,90]"
劝金船,张先,"[7,12,19,24,36,46,53,58,70,82,92]"
醉思仙,孙道恂,"[3,12,21,33,45,56,65,77,89]"
醉思仙,朱敦儒,"[3,12,21,34,46,57,66,79,91]"
醉思仙,曹勋,"[3,12,21,34,46,57,66,79,91]"
惜红衣,李莱老,"[8,12,22,33,35,44,48,57,63,66,78,89]"
惜红衣,吴文英,"[12,21,34,43,47,56,65,77,88]"
惜红衣,张炎,"[12,21,32,34,43,56,65,77,88]"
鱼游春水,赵闻礼,"[5,12,22,29,36,44,50,57,67,74,81,89]"
卜算子慢,张先,"[14,24,26,34,47,52,61,71,73,81,93]"
雪狮儿,张雨,"[15,25,29,36,47,53,62,72,76,83,86,92]"
八六子,晁补之,"[3,13,32,38,50,67,82,85,91]"
八六子,杨缵,"[3,13,30,36,48,67,79,82,89]"
八六子,秦观,"[3,13,30,36,48,79,82,88]"
八六子,李演,"[13,26,30,36,48,79,82,88]"
八六子,王沂孙,"[3,13,26,30,32,36,48,79,82,88]"
采桑子慢,蔡伸,"[26,87,91,98,110]"
采桑子慢,潘元质,"[26,37,49,61,72,83,95]"
采桑子慢,辛弃疾,"[10,21,49,61,72,83,95]"
采桑子慢,无名氏,"[26,37,49,61,72,82,94]"
探芳信,吴文英,"[3,12,22,34,45,59,69,81,90]"
探芳信,吴文英,"[3,12,22,34,45,50,59,69,81,90]"
探芳信,吴文英,"[3,12,22,34,45,50,59,68,80,89]"
夏云峰,曹勋,"[12,22,33,44,50,59,69,80,91]"
夏云峰,张元幹,"[12,22,33,44,50,59,69,80,91]"
夏云峰,无名氏,"[12,22,33,44,50,59,69,80,91]"
夏云峰,赵长卿,"[3,12,22,33,44,50,59,69,80,91]"
法曲献仙音,姜夔,"[14,28,34,39,42,49,58,70,81,92]"
法曲献仙音,姜夔,"[14,28,39,42,58,70,81,92]"
法曲献仙音,李彭老,"[14,28,39,42,58,70,81,92]"
法曲献仙音,柳永,"[14,28,38,41,56,67,78,91]"
法曲献仙音,柳永,"[14,28,38,41,56,65,76,87]"
金盏倒垂莲,无名氏,"[13,22,35,45,60,69,82,92]"
金盏倒垂莲,曹勋,"[13,22,35,45,51,60,64,69,82,92]"
露华,王沂孙,"[13,23,36,47,62,72,85,94]"
满江红,张元幹,"[11,22,29,36,47,53,59,68,75,82,93]"
满江红,戴复古,"[11,22,36,47,50,53,59,68,82,93]"
满江红,吕渭老,"[11,20,34,45,51,57,66,80,91]"
满江红,吕渭老,"[11,18,32,43,49,55,64,78,89]"
满江红,苏轼,"[11,22,36,47,53,59,68,83,94]"
满江红,赵鼎,"[11,22,36,47,53,59,68,83,94]"
满江红,辛弃疾,"[11,23,37,48,54,60,69,83,94]"
满江红,柳永,"[11,22,30,38,49,55,61,70,78,86,97]"
满江红,杜衍,"[12,23,37,48,54,60,69,83,94]"
满江红,叶梦得,"[11,20,34,45,51,57,66,80,91]"
满江红,王之道,"[11,22,29,36,47,53,59,63,67,74,81,92]"
满江红,姜夔,"[11,22,36,47,53,59,68,82,93]"
凄凉犯,张炎,"[13,25,29,36,48,61,72,83,93]"
凄凉犯,张炎,"[14,26,30,37,49,62,73,84,94]"
四犯剪梅花,刘过,"[4,13,22,26,33,45,52,61,70,74,81,93]"
四犯剪梅花,卢祖皋,"[4,13,22,26,33,45,51,60,69,73,80,92]"
玉漏迟,吴文英,"[5,13,23,36,39,47,62,72,85,88,94]"
玉漏迟,张翥,"[5,13,23,36,39,47,49,62,72,85,88,94]"
玉漏迟,吴文英,"[13,23,36,39,47,62,72,85,88,94]"
玉漏迟,程垓,"[13,23,36,39,47,62,72,85,88,96]"
玉漏迟,蒋捷,"[5,13,23,36,39,47,62,72,84,87,93]"
玉漏迟,滕宾,"[5,12,22,35,38,46,58,68,81,84,90]"
尾犯,蒋捷,"[13,22,36,49,61,70,84,95]"
尾犯,柳永,"[4,13,25,35,48,54,60,73,78,85,98]"
尾犯,晁补之,"[4,13,25,35,49,55,61,74,79,86,99]"
尾犯,无名氏,"[4,13,25,29,36,49,55,62,75,80,87,100]"
雪梅香,无名氏,"[10,21,35,46,59,69,83,94]"
六幺令,贺铸,"[9,20,26,31,35,46,52,57,68,74,79,83,94]"
六幺令,陈允平,"[9,20,31,35,46,57,68,79,83,94]"
惜秋华,吴文英,"[9,13,23,36,52,57,66,76,89,91,98]"
惜秋华,吴文英,"[13,23,36,47,52,61,71,84,86,93]"
一枝春,张炎,"[13,23,34,37,47,53,62,72,83,94]"
塞孤,朱雍,"[8,14,21,27,39,46,56,62,69,74,86,93]"
水调歌头,周紫芝,"[10,21,38,48,57,68,85,95]"
水调歌头,苏轼,"[10,21,33,38,48,57,68,85,95]"
水调歌头,贺铸,"[15,31,58,73,87,103,130,145]"
水调歌头,王之道,"[10,23,40,50,59,70,87,97]"
水调歌头,张孝祥,"[10,21,38,48,57,70,87,97]"
水调歌头,刘因,"[10,21,38,48,57,69,86,96]"
水调歌头,傅公谋,"[10,21,38,48,56,67,84,94]"
扫地游,杨无咎,"[13,17,26,36,39,48,53,62,66,75,85,88,95]"
扫地游,王沂孙,"[13,17,26,36,39,47,52,61,65,74,84,87,94]"
满庭芳,周邦彦,"[14,23,36,48,50,61,70,83,95]"
满庭芳,黄公度,"[14,23,35,47,49,60,69,81,93]"
满庭芳,程垓,"[15,24,37,49,62,71,84,96]"
满庭芳,赵长卿,"[14,23,37,49,62,70,84,96]"
满庭芳,元好问,"[14,23,36,48,61,70,83,96]"
满庭芳,无名氏,"[14,23,36,48,62,71,84,96]"
徵招,张炎,"[13,23,35,47,61,71,83,95]"
徵招,彭元逊,"[13,17,23,35,47,61,71,83,95]"
黄莺儿,晁补之,"[7,24,35,49,51,61,75,86,97]"
黄莺儿,无名氏,"[7,23,34,48,50,60,74,84,95]"
天香,王观,"[14,28,39,51,57,64,74,88,96]"
天香,毛滂,"[14,28,39,51,57,64,74,80,88,96]"
天香,吴文英,"[14,28,39,51,57,64,74,80,88,96]"
天香,刘儗,"[14,28,39,51,63,73,87,95]"
天香,景覃,"[14,28,39,51,57,64,74,88,96]"
天香,景覃,"[4,8,14,28,39,51,57,64,74,88,96]"
汉宫春,无名氏,"[13,23,34,47,62,72,83,96]"
汉宫春,无名氏,"[13,23,34,48,63,73,84,97]"
汉宫春,彭元逊,"[13,23,34,46,60,70,81,94]"
汉宫春,张先,"[4,13,23,34,47,53,62,72,83,96]"
汉宫春,沈会宗,"[4,13,23,34,47,53,62,72,83,96]"
汉宫春,京镗,"[4,13,23,34,47,62,72,83,96]"
汉宫春,康与之,"[13,23,34,47,53,62,72,83,96]"
汉宫春,无名氏,"[13,23,27,34,47,49,62,72,76,83,94]"
倦寻芳,潘元质,"[12,22,36,48,63,73,87,97]"
塞垣春,方千里,"[5,11,23,31,37,48,60,70,85,95]"
塞垣春,杨泽民,"[5,11,23,31,37,48,60,70,85,95]"
塞垣春,吴文英,"[5,11,23,31,37,49,63,73,88,98]"
步月,施岳,"[8,14,23,37,48,53,62,71,85,94]"
八声甘州,张炎,"[8,13,26,37,46,61,71,86,97]"
八声甘州,刘过,"[13,23,34,43,58,68,83,95]"
八声甘州,汤恢,"[13,26,36,45,60,69,84,95]"
八声甘州,萧列,"[13,26,37,46,61,71,84,95]"
八声甘州,姚云文,"[8,13,26,37,46,61,71,87,98]"
八声甘州,郑子玉,"[13,26,37,46,61,71,85,96]"
迷神引,朱雍,"[7,13,21,27,30,35,38,46,55,62,72,81,89,97]"
醉蓬莱,苏轼,"[13,22,35,47,63,72,85,97]"
凤凰台上忆吹箫,曹勋,"[14,25,38,49,51,64,75,88,97]"
凤凰台上忆吹箫,张台卿,"[14,24,37,49,64,74,87,97]"
凤凰台上忆吹箫,吴元可,"[14,24,37,48,63,74,87,96]"
凤凰台上忆吹箫,李清照,"[14,23,36,47,49,62,71,84,95]"
凤凰台上忆吹箫,张翥,"[14,23,36,47,62,71,84,95]"
夜合花,史达祖,"[14,24,30,37,49,55,65,75,81,88,100]"
夜合花,高观国,"[14,24,30,37,49,51,55,65,75,81,88,100]"
夜合花,曹勋,"[14,24,30,37,49,55,65,75,88,100]"
夜合花,孙惟信,"[14,24,30,37,49,55,64,74,80,87,99]"
庆清朝,史达祖,"[14,24,37,48,63,73,86,97]"
庆清朝,曹勋,"[14,24,37,48,63,73,86,97]"
庆清朝,李清照,"[14,24,37,48,63,73,86,97]"
瑶台第一层,张元幹,"[12,24,36,48,50,62,74,86,89,98]"
瑶台第一层,赵与御,"[4,12,24,37,49,51,62,74,86,89,98]"
暗香,张炎,"[4,13,24,37,49,51,54,63,67,74,87,97]"
长亭怨慢,周密,"[7,15,26,30,36,48,50,61,72,86,97]"
长亭怨慢,张炎,"[7,15,26,30,37,48,50,55,61,65,72,86,97]"
长亭怨慢,张炎,"[15,26,37,48,50,61,72,86,97]"
留客住,周邦彦,"[3,20,46,49,58,68,78,94]"
昼夜乐,无名氏,"[7,13,25,32,39,49,56,62,74,81,88,98]"
雨中花慢,张孝祥,"[14,24,36,49,63,74,86,98]"
雨中花慢,刘褒,"[14,25,37,50,64,75,87,99]"
雨中花慢,柳永,"[14,23,36,49,64,73,87,100]"
雨中花慢,吴礼之,"[14,23,35,48,62,73,85,97]"
雨中花慢,京镗,"[14,23,35,47,61,72,84,96]"
雨中花慢,高观国,"[14,24,36,49,63,74,86,98]"
雨中花慢,葛立方,"[14,23,35,48,62,73,85,97]"
雨中花慢,无名氏,"[14,23,35,47,61,72,84,96]"
雨中花慢,秦观,"[14,23,35,48,62,73,85,98]"
雨中花慢,无名氏,"[14,24,36,49,63,74,86,98]"
雨中花慢,黄庭坚,"[14,23,35,48,62,73,85,97]"
雨中花慢,无名氏,"[14,24,36,41,49,62,73,85,89,97]"
万年欢,无名氏,"[4,13,23,36,49,55,64,74,87,100]"
万年欢,赵师侠,"[14,24,37,50,65,75,88,101]"
万年欢,贺铸,"[14,24,37,50,66,76,89,102]"
万年欢,晁补之,"[13,23,36,49,55,64,74,87,100]"
万年欢,晁补之,"[13,23,29,36,49,55,64,74,80,87,100]"
万年欢,程大昌,"[13,23,36,49,55,64,74,87,100]"
万年欢,程大昌,"[13,23,29,36,49,55,64,74,80,88,101]"
万年欢,史达祖,"[13,23,36,49,55,64,74,87,100]"
万年欢,晁补之,"[13,23,36,49,64,74,87,100]"
万年欢,赵孟頫,"[4,13,23,54,60,69]"
燕春台,王之道,"[14,24,30,37,49,65,75,86,89,98]"
燕春台,黄裳,"[14,24,30,37,49,65,75,79,86,89,97]"
燕春台,曹冠,"[14,24,30,37,49,65,75,79,86,97]"
八节长欢,毛滂,"[4,12,22,36,47,53,62,76,86,99]"
芰荷香,赵彦端,"[3,12,22,33,39,47,62,72,83,89,97]"
扬州慢,吴元可,"[14,24,39,50,61,74,87,98]"
扬州慢,郑觉斋,"[14,24,39,50,61,74,87,98]"
双双燕,吴文英,"[13,23,36,48,50,54,63,73,79,86,98]"
孤鸾,马庄父,"[4,13,23,36,47,55,64,74,87,98]"
孤鸾,赵以夫,"[4,13,23,36,47,55,64,74,87,98]"
孤鸾,张榘,"[4,13,23,36,47,55,64,74,87,98]"
夏日燕黉堂,赵必象,"[3,12,22,36,49,54,63,72,86,99]"
三部乐,周邦彦,"[13,23,39,49,64,74,81,88,99]"
三部乐,方千里,"[13,22,38,48,64,74,81,88,99]"
三部乐,吴文英,"[13,23,39,49,64,74,81,88,99]"
声声慢,贺铸,"[14,24,37,49,64,74,87,97]"
声声慢,曹勋,"[14,24,37,48,63,73,86,97]"
声声慢,吴文英,"[14,24,37,49,64,74,87,97]"
声声慢,王沂孙,"[14,24,37,49,64,74,87,97]"
声声慢,周密,"[14,24,37,49,65,75,88,98]"
声声慢,石孝友,"[14,24,37,48,63,73,86,96]"
声声慢,元好问,"[14,24,37,48,63,73,86,96]"
声声慢,高观国,"[14,24,37,49,64,74,87,97]"
声声慢,赵长卿,"[14,24,37,49,64,74,87,99]"
声声慢,陈合,"[14,24,37,49,55,64,74,87,97]"
声声慢,张翥,"[4,14,24,37,49,55,64,74,87,97]"
声声慢,李清照,"[4,14,24,37,49,55,64,74,87,97]"
声声慢,何梦桂,"[4,14,24,37,49,55,62,72,85,95]"
月下笛,张炎,"[12,16,22,36,49,51,54,63,67,73,87,99]"
月下笛,张炎,"[12,16,23,37,50,52,55,64,68,74,88,100]"
月下笛,曾允元,"[12,16,22,36,49,51,54,63,73,87,99]"
月下笛,彭元逊,"[12,16,22,35,47,62,72,85,97]"
玲珑四犯,曹邍,"[13,23,36,49,56,63,75,88,101]"
玲珑四犯,史达祖,"[13,23,36,49,63,75,88,101]"
玲珑四犯,高观国,"[13,23,35,48,62,74,87,100]"
玲珑四犯,张炎,"[13,23,36,43,49,56,63,76,89,100]"
玲珑四犯,周密,"[13,23,36,49,56,63,76,88,99]"
玲珑四犯,姜夔,"[14,24,30,37,50,56,65,75,89,92,99]"
琐寒窗,张炎,"[12,22,36,49,51,54,63,73,87,99]"
琐寒窗,杨无咎,"[12,22,36,49,51,55,64,68,74,88,100]"
琐寒窗,张炎,"[12,16,22,36,49,51,54,63,67,74,88,100]"
琐寒窗,程先,"[12,22,36,49,54,62,72,86,98]"
聒龙谣,朱敦儒,"[8,14,23,37,50,65,74,88,99]"
十月桃,无名氏,"[13,23,36,48,55,64,74,87,99]"
十月桃,无名氏,"[12,22,35,47,54,63,73,86,98]"
三姝媚,吴文英,"[5,14,27,38,50,56,65,78,89,101]"
三姝媚,薛梦桂,"[5,14,27,38,50,56,65,78,89,99]"
新雁过妆楼,吴文英,"[4,13,23,37,48,63,73,87,99]"
新雁过妆楼,张炎,"[13,23,37,40,48,63,73,87,99]"
新雁过妆楼,无名氏,"[14,23,38,52,68,77,92,106]"
国香,曹勋,"[4,13,23,36,49,63,73,86,99]"
定风波慢,张翥,"[13,26,32,39,41,50,54,62,70,78,81,88,94]"
定风波慢,无名氏,"[13,27,33,40,42,51,55,63,77,83,90,92,101]"
定风波慢,柳永,"[9,26,37,51,53,65,74,82,93,105]"
芳草,奚淢,"[13,26,38,49,51,63,77,89,100]"
芳草,晁补之,"[3,13,27,39,50,52,64,78,90,101]"
芳草,曹勋,"[3,13,27,39,50,52,64,78,90,101]"
芳草,王之道,"[3,13,27,39,50,52,64,78,90,101]"
念奴娇,姜夔,"[13,26,39,49,64,77,90,100]"
念奴娇,姜夔,"[13,26,39,49,51,64,77,90,100]"
念奴娇,张炎,"[4,13,26,39,49,64,77,90,100]"
念奴娇,张炎,"[4,13,26,39,49,51,64,77,90,100]"
念奴娇,张辑,"[4,14,27,40,50,65,78,91,101]"
念奴娇,赵长卿,"[13,26,39,51,66,79,92,102]"
念奴娇,陈允平,"[13,26,39,49,64,77,90,100]"
念奴娇,张元幹,"[13,26,39,49,64,77,90,100]"
念奴娇,叶梦得,"[13,26,39,49,55,64,77,90,100]"
念奴娇,曹勋,"[13,26,30,39,49,55,64,77,81,90,100]"
解语花,施岳,"[13,17,26,30,37,49,55,64,68,77,81,88,98]"
解语花,周密,"[14,27,38,50,65,78,82,89,101]"
渡江云,陈允平,"[14,28,39,51,53,66,77,91,100]"
腊梅香,无名氏,"[4,13,27,31,38,50,55,64,78,82,89,101]"
绛都春,赵彦端,"[4,13,24,31,38,50,65,76,83,90,100]"
绛都春,蒋捷,"[4,13,24,31,38,50,52,65,76,83,90,100]"
绛都春,刘镇,"[13,24,31,38,50,65,76,83,90,94,100]"
绛都春,无名氏,"[4,13,24,31,38,50,56,65,76,83,90,100]"
绛都春,张榘,"[4,13,24,31,37,49,51,64,75,82,88,98]"
绛都春,京镗,"[4,13,24,31,37,49,51,63,74,81,88,98]"
绛都春,陈允平,"[13,24,42,54,69,80,98,108]"
东风第一枝,吴文英,"[8,14,26,30,37,50,57,64,76,80,87,100]"
东风第一枝,无名氏,"[14,26,37,50,64,76,87,100]"
东风第一枝,无名氏,"[8,14,26,37,50,76,87,100]"
高阳台,蒋捷,"[14,24,38,49,55,65,75,89,100]"
高阳台,张炎,"[14,24,38,41,49,65,75,89,92,100]"
垂杨,白朴,"[4,13,24,38,50,56,65,76,90,98]"
凤归云,赵以夫,"[10,14,19,32,48,72,85,101]"
凤归云,柳永,"[27,39,47,57,68,88,100,108,118]"
木兰花慢,柳永,"[11,24,26,38,50,52,62,75,77,89,101]"
木兰花慢,蒋捷,"[11,24,26,38,50,52,57,62,75,77,89,101]"
木兰花慢,曹勋,"[11,24,26,38,50,52,57,62,75,81,95]"
木兰花慢,程垓,"[11,24,38,50,57,62,75,89,101]"
木兰花慢,李芸子,"[11,24,38,50,52,57,62,75,89,101]"
木兰花慢,严仁,"[11,24,38,50,57,62,75,89,101]"
木兰花慢,吕渭老,"[11,24,38,50,52,62,75,89,101]"
木兰花慢,刘应雄,"[11,24,38,50,57,63,76,90,102]"
木兰花慢,曾觌,"[11,24,38,50,57,62,75,89,101]"
木兰花慢,卢祖皋,"[11,24,38,50,56,61,74,88,100]"
木兰花慢,无名氏,"[13,26,40,52,64,69,77,91,103]"
满朝欢,李刘,"[13,23,29,36,49,55,64,74,80,87,100]"
桂枝香,陈亮,"[4,13,23,37,49,56,65,75,89,101]"
桂枝香,张辑,"[4,13,23,30,37,49,56,65,75,82,89,101]"
桂枝香,张炎,"[4,13,23,37,49,56,65,75,89,101]"
桂枝香,周密,"[4,13,23,37,49,55,64,74,88,100]"
桂枝香,黄裳,"[4,13,23,37,49,56,65,75,89,101]"
锦堂春慢,黄裳,"[14,23,35,49,64,74,86,100]"
锦堂春慢,无名氏,"[14,24,37,50,65,75,88,101]"
锦堂春慢,葛立方,"[14,23,35,49,64,73,85,99]"
锦堂春慢,王梦应,"[14,23,35,48,63,73,85,98]"
喜朝天,晁补之,"[3,12,25,39,50,65,78,92,103]"
剪牡丹,李致远,"[14,23,37,46,59,72,87,98]"
玉烛新,杨无咎,"[5,14,18,27,31,38,51,66,70,79,83,90,101]"
真珠帘,周密,"[7,16,26,40,42,51,53,66,76,90,92,101]"
真珠帘,张炎,"[7,16,26,40,52,67,77,91,103]"
真珠帘,张炎,"[16,26,40,42,51,66,76,90,92,101]"
曲江秋,韩玉,"[4,13,26,31,37,50,52,56,63,77,90,103]"
霓裳中序第一,周密,"[5,12,18,27,31,38,50,52,56,63,69,78,83,90,102]"
霓裳中序第一,尹焕,"[5,12,19,28,32,39,51,53,57,64,70,79,84,91,103]"
西平乐,朱雍,"[11,23,29,39,42,45,48,65,72,86,92,102]"
西平乐,晁补之,"[11,29,39,42,48,60,66,73,87,93,103]"
西平乐,周邦彦,"[14,28,53,67,83,111,127,137]"
西平乐,杨泽民,"[14,28,51,65,81,109,135]"
西平乐,方千里,"[14,28,51,65,81,109,135]"
西平乐,陈允平,"[14,28,53,67,83,110,136]"
水龙吟,赵长卿,"[7,13,25,37,52,65,77,89,102]"
水龙吟,杨无咎,"[7,13,25,37,52,58,65,77,89,102]"
水龙吟,赵长卿,"[13,25,37,52,58,65,77,89,101]"
水龙吟,姜夔,"[13,25,37,52,54,58,65,77,89,102]"
水龙吟,晁端礼,"[13,25,37,52,58,65,77,89,102]"
水龙吟,赵长卿,"[13,25,37,46,52,58,65,77,89,102]"
水龙吟,赵长卿,"[7,13,25,37,52,67,79,91,104]"
水龙吟,秦观,"[13,27,39,54,67,80,92,106]"
水龙吟,秦观,"[13,25,37,52,58,65,77,89,102]"
水龙吟,黄机,"[13,25,37,52,65,77,89,102]"
水龙吟,吴文英,"[13,25,37,52,54,58,65,77,89,102]"
水龙吟,程垓,"[13,25,37,52,58,65,77,89,102]"
水龙吟,刘过,"[13,25,37,52,58,65,77,89,102]"
水龙吟,吴文英,"[13,25,37,52,58,65,77,89,102]"
水龙吟,葛立方,"[13,25,37,52,58,65,77,89,104]"
水龙吟,张雨,"[13,25,37,52,65,77,93,106]"
水龙吟,曹组,"[13,25,37,52,65,77,89,102]"
水龙吟,赵长卿,"[13,25,37,52,65,77,89,102]"
水龙吟,赵长卿,"[13,25,37,52,65,77,89,101]"
水龙吟,无名氏,"[13,25,37,51,64,76,88,102]"
水龙吟,李之仪,"[13,25,37,52,65,77,89,102]"
水龙吟,辛弃疾,"[6,11,22,33,47,52,58,69,80,92]"
水龙吟,无名氏,"[12,24,29,36,50,64,76,88,102]"
斗百草,晁补之,"[11,25,50,56,67,82,92,95,102]"
石州慢,蔡松年,"[12,24,41,51,53,65,75,92,102]"
石州慢,张元幹,"[12,24,41,51,53,65,75,92,102]"
石州慢,张炎,"[12,24,41,51,53,65,75,92,102]"
石州慢,张雨,"[12,24,41,51,53,65,75,92,102]"
石州慢,王之道,"[12,24,41,51,53,65,75,92,102]"
宴清都,卢祖皋,"[5,14,26,32,39,52,66,78,84,91,102]"
宴清都,曹勋,"[5,14,26,32,39,52,54,66,78,84,91,102]"
宴清都,吴文英,"[5,14,26,32,39,52,56,66,78,84,91,102]"
宴清都,陈允平,"[5,11,23,36,49,63,75,88,99]"
宴清都,袁去华,"[5,13,25,38,51,65,77,90,101]"
宴清都,何籀,"[5,14,26,32,39,46,57,69,81,87,94,105]"
宴清都,程垓,"[5,14,26,32,39,46,71,92,99,110]"
宴清都,曹勋,"[14,26,32,39,46,57,69,81,87,94,105]"
庆春宫,王沂孙,"[14,28,39,51,65,79,90,102]"
忆旧游,张炎,"[13,27,38,51,65,79,90,102]"
忆旧游,吴文英,"[13,27,38,51,65,79,90,102]"
忆旧游,周密,"[13,27,38,51,65,79,90,103]"
忆旧游,周密,"[13,27,38,52,54,66,80,91,104]"
忆旧游,刘将孙,"[13,28,39,52,66,80,91,96,103]"
花犯,吴文英,"[12,16,25,37,49,65,75,90,102]"
花犯,吴文英,"[12,16,25,32,37,49,65,75,82,90,102]"
花犯,周密,"[12,16,25,32,37,49,65,74,89,101]"
倒犯,吴文英,"[11,15,22,33,43,49,62,73,79,87,97,102]"
倒犯,陈允平,"[11,15,22,33,43,49,62,73,79,87,97,102]"
瑞鹤仙,曾觌,"[5,14,19,28,32,39,52,54,66,70,76,91,96,102]"
瑞鹤仙,杨无咎,"[5,14,19,28,32,39,52,54,66,76,91,102]"
瑞鹤仙,毛开,"[5,14,19,28,32,39,52,66,70,76,91,102]"
瑞鹤仙,赵文,"[5,14,19,28,32,39,52,66,70,74,89,100]"
瑞鹤仙,周邦彦,"[14,28,39,52,54,66,76,86,92,103]"
瑞鹤仙,史达祖,"[5,14,19,28,32,39,52,54,66,70,76,91,102]"
瑞鹤仙,袁去华,"[5,14,19,28,32,39,52,54,66,70,76,91,102]"
瑞鹤仙,刘一止,"[5,14,19,28,32,39,52,54,66,70,76,91,102]"
瑞鹤仙,赵长卿,"[14,28,39,52,54,66,76,91,98,102]"
瑞鹤仙,张枢,"[5,14,19,28,32,39,52,54,66,70,77,92,103]"
瑞鹤仙,洪瑹,"[13,18,27,31,38,51,53,65,69,75,90,101]"
瑞鹤仙,白朴,"[5,14,19,28,38,51,53,65,69,75,89,100]"
瑞鹤仙,张肎,"[4,13,29,35,46,58,69,80,90]"
瑞鹤仙,蒋捷,"[12,16,24,45,56,64]"
瑞鹤仙,方岳,[5]
齐天乐,周邦彦,"[7,13,27,31,40,51,66,80,84,93,102]"
齐天乐,吴文英,"[13,27,31,40,51,57,66,80,84,93,102]"
齐天乐,陆游,"[13,27,31,40,51,57,67,81,85,94,103]"
齐天乐,姜夔,"[7,13,27,31,40,51,57,66,80,84,93,102]"
齐天乐,吕渭老,"[13,27,31,40,51,67,81,85,94,103]"
齐天乐,吴文英,"[13,27,31,40,51,66,80,84,93,102]"
齐天乐,方千里,"[13,27,31,40,51,68,82,86,95,104]"
昼锦堂,蒋捷,"[14,24,38,51,75,85,99,112]"
昼锦堂,宋自逊,"[14,24,38,51,53,65,75,89,102]"
昼锦堂,孙惟信,"[14,24,38,51,53,65,75,89,102]"
昼锦堂,陈允平,"[14,24,38,41,51,53,56,65,75,89,92,102]"
氐州第一,陈允平,"[14,28,39,51,58,65,78,84,91,102]"
瑶华,张雨,"[13,26,37,44,50,65,78,89,102]"
曲游春,施岳,"[14,27,32,39,52,54,58,67,80,85,92,103]"
曲游春,赵文,"[14,27,32,39,51,57,66,79,84,91,101]"
竹马儿,叶梦得,"[13,26,40,54,67,73,79,94,103]"
长相思慢,周邦彦,"[14,28,32,41,45,52,67,79,90,103]"
长相思慢,秦观,"[14,28,32,41,46,53,68,80,84,91,104]"
长相思慢,袁去华,"[14,28,32,41,46,53,68,80,91,104]"
雨霖铃,王庭珪,"[4,12,26,37,51,58,66,79,91,103]"
雨霖铃,黄裳,"[4,12,26,37,51,58,66,79,91,103]"
还京乐,陈允平,"[12,25,30,37,48,52,61,67,80,92,103]"
还京乐,方千里,"[12,25,30,37,48,52,67,80,92,103]"
还京乐,杨泽民,"[3,12,25,30,37,48,52,67,80,92,103]"
还京乐,吴文英,"[12,25,37,48,52,67,80,92,103]"
还京乐,张炎,"[3,12,25,30,37,48,67,80,92,103]"
双头莲,陆游,"[13,17,26,37,40,50,65,69,78,89,100]"
双头莲,陆游,"[13,17,26,37,40,50,65,69,78,89,92,100]"
双头莲,无名氏,"[13,26,37,50,65,78,89,100]"
忆瑶姬,万俟咏,"[4,13,27,40,52,68,82,95,105]"
忆瑶姬,蔡伸,"[4,13,27,40,52,59,68,82,95,105]"
忆瑶姬,史达祖,"[13,27,54,60,70,84,97,109]"
安平乐慢,曹勋,"[14,28,41,46,53,68,80,91,104]"
西江月慢,无名氏,"[11,24,39,52,60,67,80,95,106]"
探春慢,张炎,"[14,28,40,52,58,67,81,93,103]"
探春慢,周密,"[14,28,40,52,58,67,81,93,103]"
探春慢,陈允平,"[14,28,40,52,58,67,81,93,103]"
探春慢,吴文英,"[13,23,35,46,52,61,71,83,94]"
眉妩,王沂孙,"[14,28,32,39,52,58,67,81,85,92,103]"
眉妩,张翥,"[14,28,32,39,42,52,54,58,67,72,81,85,92,103]"
湘江静,无名氏,"[7,14,27,39,53,66,79,91,103]"
金盏子,蒋捷,"[13,27,38,51,56,64,79,90,103]"
金盏子,史达祖,"[13,27,38,51,56,64,79,90,101]"
金盏子,赵以夫,"[13,27,38,51,64,79,90,101]"
金盏子,无名氏,"[13,27,37,50,56,64,79,89,102]"
龙山会,吴文英,"[5,14,28,40,51,66,80,92,103]"
归朝欢,王之道,"[7,14,28,33,40,52,59,66,80,85,92,99,104]"
永遇乐,晁补之,"[12,25,33,39,52,56,66,79,93,104]"
永遇乐,柳永,"[12,25,39,52,66,79,93,104]"
永遇乐,张元幹,"[12,25,39,52,60,66,79,93,104]"
永遇乐,无名氏,"[12,25,40,52,66,79,93,104]"
永遇乐,陈允平,"[12,25,39,52,66,79,93,104]"
二郎神,王十朋,"[3,10,18,25,32,39,52,54,62,70,77,84,91,104]"
二郎神,张安国,"[3,10,25,39,52,54,62,77,92,105]"
二郎神,徐伸,"[11,26,40,53,55,63,78,92,105]"
二郎神,赵以夫,"[11,26,40,53,63,78,92,105]"
二郎神,曹勋,"[4,11,26,40,53,55,63,78,92,103]"
二郎神,马庄父,"[11,24,38,51,53,61,76,90,103]"
二郎神,汤恢,"[11,25,39,52,54,62,77,91,104]"
二郎神,吕渭老,"[4,10,23,37,50,52,60,73,87,100]"
倾杯乐,柳永,"[14,27,39,52,54,67,81,94,97,104]"
倾杯乐,柳永,"[12,27,34,44,54,61,69,82,89,96,106]"
倾杯乐,程珌,"[12,27,34,44,48,54,61,69,82,89,96,106]"
倾杯乐,张先,"[10,26,39,55,65,69,84,88,100,107]"
倾杯乐,柳永,"[14,29,47,58,65,85,90,101,108]"
倾杯乐,柳永,"[27,37,45,55,62,69,83,89,100,108]"
倾杯乐,柳永,"[12,18,33,55,69,83,89,96,104,108]"
倾杯乐,柳永,"[11,27,39,45,55,69,84,88,100,108]"
倾杯乐,柳永,"[15,22,29,37,48,59,66,88,104,116]"
月中桂,无名氏,"[13,26,38,52,67,80,92,104]"
月中桂,赵孟頫,"[4,13,26,48,67,94]"
宴琼林,黄裳,"[14,28,39,52,65,77,91,103]"
潇湘逢故人慢,钱应金,"[13,27,38,51,66,71,80,91,104]"
拜星月慢,周密,"[14,23,40,49,57,65,76,84,92,104]"
拜星月慢,陈允平,"[14,23,38,47,55,63,74,82,90,102]"
拜星月慢,彭泰翁,"[14,23,38,47,55,63,74,81,89,101]"
绮寮怨,陈允平,"[11,25,39,52,68,78,90,102]"
绮寮怨,鞠华翁,"[11,25,39,54,60,70,74,80,92,96,103]"
花心动,周邦彦,"[13,27,41,52,58,67,81,88,95,104]"
花心动,吴文英,"[13,27,34,41,52,58,67,81,95,104]"
花心动,刘焘,"[13,27,41,52,58,67,81,95,104]"
花心动,赵长卿,"[13,27,41,44,52,58,67,81,95,98,104]"
花心动,谢逸,"[13,27,41,52,58,67,81,95,104]"
花心动,曹勋,"[13,27,39,50,56,65,79,91,100]"
花心动,赵长卿,"[13,27,41,53,59,68,82,96,99,105]"
花心动,无名氏,"[13,27,41,50,55,64,78,92,101]"
阳春,史达祖,"[12,27,31,38,51,66,79,85,92,104]"
绮罗香,张炎,"[14,24,38,52,58,68,78,92,104]"
绮罗香,张炎,"[14,24,38,52,58,67,77,91,103]"
春从天上来,张翥,"[4,13,21,27,39,42,51,66,80,92,95,104]"
春从天上来,张炎,"[4,13,27,40,43,52,54,67,81,94,97,106]"
春从天上来,周伯阳,"[4,13,21,27,39,50,65,79,91,102]"
西湖月,黄子行,"[15,27,40,53,68,80,93,103]"
合欢带,杜安世,"[6,12,26,38,51,58,65,79,91,105]"
尉迟杯,无名氏,"[3,11,23,27,35,48,63,77,84,92,105]"
尉迟杯,贺铸,"[3,11,23,27,35,48,51,54,63,71,77,84,92,105]"
尉迟杯,周邦彦,"[3,11,23,35,48,63,77,92,105]"
尉迟杯,万俟咏,"[3,11,23,28,36,49,55,64,78,85,93,106]"
尉迟杯,陈允平,"[3,11,23,35,48,63,76,91,104]"
尉迟杯,晁补之,"[3,11,23,36,49,55,64,78,93,106]"
花发沁园春,王诜,"[14,28,39,52,67,81,92,105]"
南浦,周邦彦,"[14,28,39,52,67,81,92,105]"
南浦,史达祖,"[14,28,39,52,67,81,92,105]"
南浦,张炎,"[14,28,39,52,67,81,85,92,105]"
南浦,鲁逸仲,"[12,23,37,51,65,76,90,102]"
西河,辛弃疾,"[3,9,20,33,39,45,56,69,76,83,89,105]"
西河,周邦彦,"[9,20,33,36,39,45,56,69,76,83,89,105]"
西河,陈允平,"[3,9,20,33,39,45,56,69,76,83,89,105]"
西河,刘一止,"[9,20,33,39,45,51,62,75,82,89,95,104,111]"
西河,王嵎,"[3,9,20,33,39,45,56,69,76,83,89,97,104]"
秋霁,吴文英,"[13,27,31,38,41,50,66,73,80,87,105]"
秋霁,陈允平,"[13,27,31,38,50,66,80,87,105]"
秋霁,曾纡,"[13,27,31,38,41,50,64,78,85,103]"
解连环,周邦彦,"[4,13,29,40,53,59,68,84,95,106]"
解连环,杨无咎,"[4,13,29,40,53,59,68,84,95,106]"
夜飞鹊慢,赵以夫,"[9,15,28,42,53,68,82,93,106]"
楚宫春慢,周密,"[4,13,23,36,53,59,68,78,91,108]"
望海潮,秦观,"[14,22,28,33,42,53,59,68,82,87,96,107]"
望海潮,邓千江,"[14,28,33,42,53,55,59,68,82,87,96,107]"
青门饮,曹组,"[8,16,30,42,54,69,83,95,105]"
青门饮,无名氏,"[16,30,42,54,60,68,82,94,106]"
落梅,无名氏,"[14,27,39,54,60,67,80,92,106]"
飞雪满群山,张榘,"[14,28,40,53,69,83,95,106]"
一寸金,周邦彦,"[11,28,40,54,67,84,96,103,108]"
一寸金,李弥逊,"[11,28,33,40,54,67,84,89,96,108]"
一寸金,曹勋,"[11,28,40,54,67,84,96,108]"
一寸金,无名氏,"[10,27,38,52,65,82,93,105]"
击梧桐,无名氏,"[14,28,42,56,70,83,96,108]"
击梧桐,李甲,"[5,14,28,42,56,70,84,99,110]"
折红梅,杜安世,"[13,26,37,54,58,67,80,84,91,108]"
薄幸,沈端节,"[4,11,24,38,53,66,75,82,86,98,108]"
薄幸,韩元吉,"[4,11,24,38,53,65,81,85,97,107]"
惜黄花慢,赵以夫,"[4,13,17,29,43,46,54,69,73,85,99,102,108]"
惜黄花慢,吴文英,"[4,13,29,43,46,54,60,69,85,99,102,108]"
一萼红,李彭老,"[3,13,27,42,54,69,83,97,107]"
一萼红,刘天迪,"[13,27,42,54,69,83,98,108]"
一萼红,无名氏,"[13,27,42,54,60,69,83,98,108]"
夺锦标,白朴,"[14,28,40,53,69,83,95,108]"
夺锦标,滕应宾,"[14,20,28,40,53,67,81,93,106]"
杜韦娘,无名氏,"[11,19,26,42,53,67,75,82,98,109]"
无愁可解,无名氏,"[8,14,26,40,55,57,71,83,97,112]"
江城子慢,蔡松年,"[5,13,16,25,28,43,55,61,70,74,83,86,101,110]"
八宝妆,仇远,"[14,27,31,44,54,64,70,77,84,91,98,110]"
疏影,张炎,"[4,13,27,41,54,69,83,97,110]"
疏影,陈允平,"[13,27,41,54,69,83,97,110]"
疏影,张炎,"[13,27,41,54,60,69,83,97,110]"
疏影,张翥,"[4,13,27,41,54,69,83,97,110]"
大圣乐,周密,"[12,29,44,56,62,70,83,98,108]"
大圣乐,张炎,"[12,29,44,47,56,62,70,85,100,103,110]"
慢卷紬,李甲,"[13,30,43,55,59,67,84,97,110]"
选冠子,蔡伸,"[14,28,42,55,72,86,100,111]"
选冠子,吴文英,"[14,28,42,55,72,86,100,111]"
选冠子,曹勋,"[14,28,42,55,72,86,100,111]"
选冠子,鲁逸仲,"[14,28,42,55,72,86,100,113]"
选冠子,张景修,"[14,28,42,55,72,86,100,113]"
选冠子,无名氏,"[14,28,42,55,72,86,100,113]"
选冠子,陆游,"[14,28,42,55,72,86,100,113]"
选冠子,虞集,"[14,28,42,55,72,86,100,113]"
选冠子,陈允平,"[14,28,42,55,72,86,100,113]"
选冠子,虞集,"[14,28,42,55,72,86,100,114]"
选冠子,张雨,"[14,28,42,55,58,72,86,100,113]"
选冠子,吕渭老,"[14,28,40,53,70,84,96,106]"
选冠子,张肎,"[13,27,41,53,69,83,97,109]"
选冠子,曹勋,"[14,28,42,56,73,87,101,113]"
霜叶飞,方千里,"[13,25,32,39,53,69,81,88,95,109]"
霜叶飞,张炎,"[4,13,25,32,39,51,55,71,83,90,97,111]"
霜叶飞,张炎,"[4,13,25,32,39,55,71,83,90,97,110]"
霜叶飞,沈唐,"[13,25,32,39,55,71,83,90,97,111]"
霜叶飞,沈唐,"[13,25,32,39,54,71,83,90,97,111]"
霜叶飞,黄裳,"[7,13,25,32,39,45,55,72,84,91,98,104,112]"
五彩结同心,无名氏,"[4,14,28,42,55,61,70,84,91,98,111]"
透碧霄,查荎,"[3,10,22,34,41,54,68,80,92,99,112]"
透碧霄,曹勋,"[5,12,25,37,44,58,61,72,84,96,103,117]"
轮台子,柳永,"[9,22,29,38,52,55,64,69,77,84,97,104,113,128,132,140]"
沁园春,贺铸,"[12,29,44,56,58,62,70,87,102,114]"
沁园春,葛长庚,"[12,29,45,57,59,63,71,88,104,116]"
沁园春,林正大,"[12,30,57,63,71,89,104,116]"
沁园春,李刘,"[12,29,44,55,61,69,86,101,112]"
沁园春,秦观,"[12,29,44,56,71,88,103,115]"
沁园春,程垓,"[12,29,44,56,69,86,101,113]"
丹凤引,吴文英,"[14,24,40,56,69,83,93,105,114]"
丹凤引,张翥,"[4,13,23,36,49,57,66,76,89,100]"
瑶台月,葛长庚,"[4,13,23,37,43,49,51,60,74,83,97,103,109,111,120]"
瑶台月,扁舟寓兴,"[4,13,23,37,43,49,51,59,66,73,82,96,102,108,110,118]"
八归,高观国,"[14,31,45,52,57,59,73,87,99,113]"
摸鱼儿,辛弃疾,"[7,13,26,29,39,43,57,66,72,85,88,98,102,116]"
摸鱼儿,李演,"[13,26,29,39,43,57,60,66,72,85,88,98,102,116]"
摸鱼儿,张炎,"[7,13,26,29,39,43,57,60,66,72,85,88,98,102,116]"
摸鱼儿,白朴,"[7,13,26,29,32,39,43,57,60,66,72,85,88,91,98,102,116]"
摸鱼儿,赵从橐,"[7,13,26,29,38,42,56,65,71,84,87,96,100,114]"
摸鱼儿,徐一初,"[7,13,26,29,39,43,57,66,72,85,88,98,102,114]"
摸鱼儿,欧阳修,"[14,28,31,41,45,59,62,74,86,99,117]"
摸鱼儿,无名氏,"[42,49,53,72,78,105,118,122,141]"
贺新郎,辛弃疾,"[5,16,23,29,36,43,51,57,64,75,82,88,95,102,110,116]"
贺新郎,苏轼,"[5,16,29,36,51,57,64,75,88,95,109,115]"
贺新郎,辛弃疾,"[5,16,29,36,43,51,57,64,75,82,89,96,111,117]"
贺新郎,《豹隐纪谈》平江妓,"[5,16,30,37,44,52,58,65,76,89,96,103,111,117]"
贺新郎,史达祖,"[5,16,29,36,51,57,64,75,88,95,110,116]"
贺新郎,史达祖,"[16,29,36,51,57,64,75,88,95,110,116]"
贺新郎,李南金,"[5,16,29,36,51,57,64,75,88,95,110,116]"
贺新郎,马庄父,"[5,16,23,29,36,43,51,57,64,73,80,87,94,101,109,115]"
贺新郎,吕渭老,"[5,16,29,36,51,57,64,73,86,93,107,113]"
贺新郎,周紫芝,"[5,16,29,36,51,57,64,75,88,95,109,115]"
金明池,僧挥,"[14,28,44,59,66,75,89,105,120]"
笛家,朱雍,"[12,19,35,48,60,62,82,96,109,121]"
白苎,蒋捷,"[10,20,30,32,42,52,62,64,78,87,100,112,121]"
十二时慢,朱雍,"[13,26,38,55,67,80,91]"
十二时慢,素馨花,"[7,13,20,26,34,39,56,63,69,82,93,106,119,129,141]"
十二时慢,圣明代,"[7,12,20,25,32,35,40,45,54,57,62,75,83,88,95,98,108,117,120,125]"
兰陵王,柳阴直,"[3,9,23,28,30,34,48,53,62,69,85,90,92,95,104,111,120,130]"
兰陵王,一丘壑,"[3,9,23,28,34,48,53,62,69,85,90,95,111,120,127]"
兰陵王,古堤直,"[3,9,23,28,34,41,48,53,62,69,85,90,92,95,104,111,120,130]"
兰陵王,刘辰翁,"[3,9,23,28,34,48,50,53,62,69,78,85,90,92,95,104,111,120,130]"
大酺,周密,"[13,27,41,55,68,73,81,99,111,117,127,133]"
破阵乐,张先,"[12,25,37,66,68,82,95,105,133]"
瑞龙吟,吴文英,"[3,13,27,30,40,54,68,78,87,94,98,103,111,125,133]"
瑞龙吟,陈允平,"[3,13,27,30,40,54,68,78,87,98,103,111,116,125,133]"
瑞龙吟,翁元龙,"[3,13,27,30,40,54,68,78,87,98,103,110,115,124,132]"
浪淘沙慢,周邦彦,"[11,23,31,46,51,53,59,72,81,94,108,116,126,133]"
浪淘沙慢,周邦彦,"[11,17,23,31,38,46,51,53,59,72,81,85,94,101,108,116,133]"
浪淘沙慢,陈允平,"[11,17,23,30,37,50,52,58,71,80,84,93,100,107,115,132]"
多丽,晁端礼,"[9,22,36,51,63,74,87,101,116,128,139]"
多丽,李漳,"[3,9,22,35,50,62,73,86,100,114,126,137]"
多丽,张孝祥,"[9,22,36,51,63,74,87,101,116,128,139]"
多丽,张翥,"[3,9,22,36,51,63,74,87,101,116,128,139]"
多丽,傅按察,"[3,9,22,36,51,63,74,77,87,101,113,128,139]"
多丽,葛立方,"[9,22,36,51,63,74,87,101,116,128,139]"
多丽,聶冠卿,"[9,22,36,52,64,75,88,102,117,129]"
多丽,曹勋,"[9,22,36,51,64,67,75,88,102,117,129,132,140]"
玉女摇仙佩,朱雍,"[14,22,28,33,42,57,70,86,100,105,114,129,132,139]"
六丑,吴文英,"[12,21,25,39,46,54,60,69,73,78,86,92,101,108,121,128,140]"
六丑,詹正,"[12,21,25,39,46,54,60,69,73,78,86,92,101,108,121,128,140]"
六州歌头,汪元量,"[9,28,31,76,89,93,96,124,143,146,167,185,198,208,212]"
六州歌头,韩元吉,[41]
六州歌头,李冠,"[1]"
六州歌头,刘褒,"[9,21,38,41,54,64,68,71,84,96,107,116,129,139,143]"
六州歌头,袁去华,"[9,18,21,41,54,64,68,84,93,96,107,116,129,139,143]"
六州歌头,刘过,"[9,21,41,54,64,68,71,84,93,96,107,116,129,139,143]"
六州歌头,程珌,"[9,18,42,55,65,72,85,94,105,114,127,137,141]"
六州歌头,卢挚,"[9,18,21,42,55,65,69,72,85,94,97,108,117,130,140,144]"
夜半乐,柳永,"[15,24,42,50,64,73,91,99,111,119,129,137,145]"
宝鼎现,赵长卿,"[12,19,26,40,53,67,81,95,108,119,130,137,142,155]"
宝鼎现,无名氏,"[12,26,40,53,60,67,81,95,108,121,132,144,157]"
宝鼎现,层林烟霁,"[12,26,34,40,53,60,67,81,89,95,108,121,132,139,144,157]"
宝鼎现,张元幹,"[12,26,40,53,60,67,81,95,108,121,133,140,145,158]"
宝鼎现,虞弦清暑,"[4,12,26,40,53,60,67,81,95,108,121,132,145,157]"
宝鼎现,六鳌初驾,"[12,26,34,40,53,60,67,74,81,95,108,121,132,139,144,158]"
宝鼎现,红妆春骑,"[4,12,26,40,47,53,60,67,74,81,89,95,102,108,121,133,140,145,158]"
哨遍,苏轼,"[13,28,44,59,97,102,109,120,136,151,184,195,209,223]"
哨遍,世有达人,"[13,33,49,64,102,114,125,141,156,189,200,214,228]"
哨遍,壬戌孟秋,"[13,28,44,59,102,113,124,140,155,188,199,213,227]"
哨遍,刘克庄,"[13,33,47,54,69,107,134,150,165,199,210,224,238]"
哨遍,池上主人,"[13,21,28,36,43,52,58,79,91,159,167,175,182,212,231]"
哨遍,辛弃疾,"[13,33,36,42,49,107,160,175,183,191,198,204,209,223,242]"
哨遍,汪莘,[277]
哨遍,无名氏,"[13,26,42,76,88,99,121,134,168,175]"
戚氏,苏轼,"[3,10,21,23,26,33,46,60,73,79,88,99,102,108,114,128,141,155,162,196,203,211,223]"
戚氏,丘处机,"[3,10,21,23,26,33,46,60,72,78,87,98,101,113,127,140,154,160,193,200,208,220]"
莺啼序,吴文英,"[11,24,38,43,49,62,75,89,100,113,132,155,171,184,191,203,211,226,240]"
莺啼序,黄公绍,"[11,24,38,43,49,62,74,88,99,112,131,154,170,183,202,217,225,239]"
莺啼序,赵文,"[11,24,38,49,62,75,89,100,113,132,155,171,184,203,226,240]"
莺啼序,汪元量,"[11,24,38,49,62,73,87,98,111,128,136,151,167,179,191,198,207,214,222,236]"
调笑令,无名氏,"[2,5,12,19,25,32,38,40,43,50,57,63,70,76,78,81,88,95,101,108,114,116,119,126,133,139,146,152,154,157,164,171,177,184,190,192,195,202,209,215,222,228,230,233,240,247,253,260,266,268,271,278,285,291,298,304]"
调笑令,郑僅,"[2,5,12,19,25,32,38,40,43,50,57,63,70,76,78,81,88,95,101,108,114,116,119,126,133,139,146,152,154,157,164,171,177,184,190,192,195,202,209,215,222,228,230,233,240,247,253,260,266,268,271,278,285,291,298,304,306,309,316,323,329,336,342,344,347,354,361,367,374,380,382,385,392,399,405,412,418,420,423,430,437,443,450,456]"